path,bytes,sha256
.gitignore,60,4c1b72c3e44cc19aec1ce8eb0476bf1e36b95ddd117e3705834cccb20c4e160d
analysis/core/00_audit_source_schema.R,6347,b2f489ba2827c673d06dd83f3a682cb70beb3016e79c2e91005f25c1fa6a746b
analysis/core/01_build_gate0_panel.R,40080,db87785dbfaec525f4c8a7162ad91ef29c2451c6a8cdca27413cb55994e30af9
analysis/core/02_audit_elsa_wave11.R,5989,ea586114d1d518f31ecd3579f9757ff160617f14dd1cc0bd35850faf46a3198e
analysis/core/02c_audit_charls2020_schema.R,3693,a27a83377365f1f0f00eac48df8152ab231b97f1a4577a214aa8871e8798e7ab
analysis/core/02d_audit_charls2020_adapter.R,12042,1836418810a90f71318b817ee225c6fa494ea17523496277c628384547f07893
analysis/core/03_build_formal_risksets.R,10854,547720fd8340f0be0f3be3d93a54e95eb0abb977afd753feac660006fe7b2f28
analysis/core/04_fit_formal_models_and_decompose.R,19114,6458fa9b5defadf57a81b6df124adb2bf9c23eeffea97121945bf07057653cbb
analysis/core/05_life_tables_shapley_from_checkpoint.R,11771,b25df3b58ea151178ce73459367b0e1a89d28711dca4685b00ff78a8277e0379
analysis/core/06_bootstrap_cohort.R,16754,fc372600dc81af06ae79dbaee583e29a2e0288cc75ccc507092edc662bfc388a
analysis/core/06c_merge_hrs_final_shards.R,2378,05d92a98ba4693242e2ae67855b1b574d870337fcb3bc7439001ae831503f5cb
analysis/core/07_summarize_bootstrap.R,11297,e4b04ea3947cb08e4fd6ea0c16854207e5ce232ea47afdfcbc843b1bf999ac36
analysis/core/08_sensitivity_point_models.R,18968,c16af8cb9d3999f33d3aa768d11fed692d8f9bf89a670eaa976e893e86826800
analysis/core/08b_build_threshold_sensitivity_risksets.R,10938,26e66d7960e580030954c382da8999990e80b9de7f52d8bc4931555dbaa06727
analysis/core/08d_diagnose_permissive_partial_stop.R,3646,9c9427372838d27d8174351dc73f1adacb5529f511e4466dd371ecb8cc985388
analysis/core/09_build_submission_tables_and_figure.R,21777,76a532c98eac31d5f21ef1941181e1aef40a05951daf0d47f726e04274f27cf8
analysis/core/11_write_final_reports.R,23552,5fab21037bf0073e26105804d9f7a8212d4889d01b5dfa8a144928f4e35f0024
analysis/core/13_exploratory_upgrade_support.R,10037,f96d5829e56b2a13994bc4efedb11f8a67494b666fe793c6b255afebab8f1a01
analysis/core/14_exploratory_upgrade_point_models.R,28812,d0a8d5b0b0dccacadf2fa2dad1edf5d0118857f080836d98610d388213acaf05
analysis/core/14a_recheck_age_interaction_stop.R,3044,41cc236cb184ce21ffed749373ec5ecba1b30c6d1508a0309b1dc2274b132e9c
analysis/core/15_bootstrap_exploratory_upgrade.R,25531,c99c3e04601f5bd99c5478fe72f6c6b5036057107d8321232ac531678d5c8e2e
analysis/core/16_summarize_exploratory_bootstrap.R,22477,33d535d52d292c23e96ed077735465ddd9cf13dc48f319c82a4b222b1d5527a8
analysis/core/18_audit_recovery_exhaustion_support.R,2645,77ef3f6384a302a1aa8b01f920b6260ac16607241345b060200966898abe8816
analysis/core/19_summarize_exploratory_sensitivities.R,6244,86613245cd32671504076ee7adc304d75c66bb55738bbfb2a603107613dc2a9d
analysis/core/20_write_exploratory_interim_reports.R,11596,3ff4f86dffd1269b4e8226fd369f0f56e6da634174341cce78bd50b5b4216a58
analysis/core/21_build_exploratory_figure.R,22136,b4a8b403cad666d355fdd854cf43783d306815862a478af74205ac623d39faba
analysis/core/22_write_exploratory_final_report_and_tables.R,10634,714f1fdacb5710d3984b804366b60979744bee5784fe17f16eade3902cbe6dfd
analysis/core/23_build_manuscript_table1.R,5534,296e81b6b571878e9a168f3ba178d2b00009ea86c089437cf313aaddde38bf79
analysis/revision_v1_1/38_build_revision_panel_and_risksets.R,18878,d5d20cccabaf8076302a10f020e40143f4bd317a186cda838b556fb89ebf77d8
analysis/revision_v1_1/39_fit_revision_point_models.R,28179,8ff23eee9187c0952a59d960a685bf7f95c6bc578b1a2a2150b474fccd0e878b
analysis/revision_v1_1/40_bootstrap_low_education_household.R,27237,015084b1a6fe4f711e797dd76d6748103b2a85ebeb25c06d859c493f169e27c8
analysis/revision_v1_1/41_build_threshold_revision_risksets.R,9925,3fb34aa79a7fdd5df69b7520b641926f88ba504f82b7253dc5baf8f057d5adb5
analysis/revision_v1_1/42_summarize_lowedu_household_bootstrap.R,14738,16528a0a30895307ee0cc6c9e52f97d34a9cf9c123d1f57c2f6b4f65d17404e4
analysis/revision_v1_1/43_confirmed_state_transition_sensitivity.R,9304,c5f619f7ead631ca8900b93394532b75711d39a1bb70e4840b79fca69d80b10a
analysis/revision_v1_1/44_build_flow_missingness_and_support_tables.R,9401,35e739888b8b73ec8bc43be1936b8214f086070b8ae1fca1a438700aaab5b370
analysis/revision_v1_1/45_continuous_time_panel_msm_sensitivity.R,13600,320d77adb7c59c50dae2cc33eb6bea4d1cf9aa082c919da0e189782358138815
analysis/revision_v1_1/46_enriched_covariate_transition_sensitivity.R,16393,ae3c0309ba4e3cb6e22f9c6bc102fbe7e6479bd49892528e0106851d21fa33bf
analysis/revision_v1_1/47_nondeath_observation_ipcw_sensitivity.R,10983,722745d776e40fb3aaf7d7f1dfe1c15e626cd2df86acfd41507a51fcdc0124a4
analysis/revision_v1_1/48_internal_survival_calibration.R,9335,1275aff66bf883e0221670313c9d0d69a3517d1302f0a096553d673f5b5e55d0
analysis/revision_v1_1/49_build_focused_baseline_and_support.R,7345,8ba78c06dd4d742c8c76507206762c88a92e3ea04608d88836fc63a6e2e5fe28
analysis/revision_v1_1/51_build_functional_state_dictionary.R,7074,4f05b6f41a5af2048503d3cf8b0216397a4338f77721b20caf6074815760be0a
analysis/revision_v1_1/52_summarize_stratified_psu_bootstrap.R,4390,7dbb22640a7687a2e74c826594b62e05691cc1fd0d0fc22a052d1e8202f7f215
analysis/revision_v1_1/53_consolidate_revision_evidence.R,10791,68f92ba3ff95a83cda0a0ee8e65bf5d49a5985ef1d85dd027238663dc919435b
analysis/revision_v1_1/54_build_revision_tables.R,15512,29b8abf5bcfeff9948b90eec32c82978b2e4b1f83beb10d56272d34eee62e294
analysis/revision_v1_1/55_generate_manuscript_insertion_blocks.R,12321,8ef6f18f5ae6553f048740ef3708b6885a8ce92b2cb228c339ac654ac30884df
analysis/revision_v1_1/56_build_v1_1_vector_figures.R,39238,2773aada2f845e41f05cf5b0cb33e2eef508c400c6389e4d67f54dc4639ca920
CITATION.cff,805,dab1eaa681e14a4bfd35c6d566a1b567c30b58012d1a52a989759dfc4b85ef3d
contracts/BOOTSTRAP_EXECUTION_SHARD_NOTE_v1.2.1_HRS.md,971,67f0db31ec62d6b526f801e1a3a94e9968521a0951388efb989762654fec5467
contracts/BOOTSTRAP_IMPLEMENTATION_FREEZE_v1.2.md,2498,6bdf5a443f139dcb96be3ef1dc2dc3eeaabe0062f93947637c3049dcfe71ba66
contracts/CHARLS2020_ADAPTER_FREEZE_v1.0.2.md,4017,d0747aada6d6ad3f711d7975b0c92bc95fcf510d57a89aef34d76f5595ee8585
contracts/DATA_SOURCE_MANIFEST_v1.0.csv,1637,728c9651f2e8bf02e80806fccae6808ef993f7138e58f17e15220194c3cc462a
contracts/EXPLORATORY_BOOTSTRAP_SHARD_NOTE_v2.3.md,2353,c4f28373bd1afc9240f1fcfc5679a5c92485bfbcb33b51a4595f1d4322a341b1
contracts/EXPLORATORY_UPGRADE_ADDENDUM_v2.1.md,4412,1ea839396322d2040d5cfc4acde25b69b61f623613fb33f52d11fed7d4d4c9e7
contracts/EXPLORATORY_UPGRADE_ADDENDUM_v2.2.md,3090,8787b6d7301b2e61708e5f8f1dfd89a43246cb361254ad9e5a088e1dda324a23
contracts/EXPLORATORY_UPGRADE_ADDENDUM_v2.4.md,2238,c02e41fa09ba1ec55eaf74305d26ae338593c7da193ad8238ac858653924b37d
contracts/EXPLORATORY_UPGRADE_CHARTER_v2.0.md,5568,434745b2784055d6cdc438faadde94bea47753e5ecbf9597a68a7d56361f1cbb
contracts/FORMAL_MODEL_AMENDMENT_v1.1_SPARSE_ORIGIN_POOLING.md,1825,a4c540198e9c5c871b36329e914ddb9ff5fa47809622f7d60e5d367847d24a69
contracts/FORMAL_MODEL_IMPLEMENTATION_FREEZE_v1.0.md,5243,9ed475fd5ca8bf944d5fdda81623e9abb97dcc20972e12d5097608ad3826f10e
contracts/FROZEN_ANALYSIS_CONTRACT_v1.0.md,14609,9a35ebba11b9a791a6ecfdf7c107b91fc3aa6eff2c1b29057418543aecd38075
contracts/IMPLEMENTATION_CLARIFICATION_v1.0.5_PANDEMIC_SENSITIVITIES.md,1638,b90d1f46d3a249185a4ce3a40005fb1eaf39e157897bffcf96d407241e6aece6
contracts/IMPLEMENTATION_CORRECTION_v1.0.3_CHARLS2020_PROXY_SKIP.md,1581,c8e230ed4af6d7cfa858b697a1f978199482ff3ded7f258c17ea43a380142491
contracts/IMPLEMENTATION_CORRECTION_v1.0.4_PANDEMIC_SENSITIVITY_PATH.md,1371,d247785fd7aa644cb48ada403d111edc289ea5c56669a8c2162484bd7f1d7561
contracts/MEASUREMENT_CORRECTION_v1.0.1_ELSA_W11_TOILETING.md,2040,e3c9beffc2b50623e4c3f35da953ca787a99b1a4c8123e52a09c1ffba7e57f47
contracts/REVISION_ANALYSIS_CONTRACT_v1.1.md,6545,6348777a1d2ceb58c047f2248f48e784ccfbaec3a1c00550ed603c96f9d6ddbc
contracts/STATE_TRANSITION_DICTIONARY_v1.0.csv,1774,25dd7c835c5602c2205a52954d69023674d02428d67686621ed98b184a265ad5
contracts/THRESHOLD_SENSITIVITY_STOP_v1.0.6_PERMISSIVE_PARTIAL.md,1183,02654156c8494617b59c5147b1068ac261ccd0aac1aa2221af240c801f5d7e5e
contracts/VARIABLE_MAPPING_v1.0.csv,8294,937e4a215b5ecc72a26a2b698a9df169770bdb5a727f7db6ca17348fdbf65827
environment/project_r_library_manifest.csv,255,fa2d24f8e874a1cc57c279b95c7b284a5da45c22d24c25feef101436f05500d9
environment/sessionInfo_00_project_dependencies.txt,923,47b2756ff3964a2aece8b0706ceb70b9fa5c006a40cd9ddf6f0c3586997d3db5
environment/sessionInfo_38_revision_risksets.txt,945,f4b8a4121647ee5e05f7d160343c6bd925f6e3f8c987c42d8f3d8cafd91546e8
environment/sessionInfo_39_revision_point_models.txt,668,c7c6541d214d1c6a357886ead598a778d95474b0e158235c74b0f2e2c51e7caf
environment/sessionInfo_39_revision_point_models_adl_only.txt,668,c7c6541d214d1c6a357886ead598a778d95474b0e158235c74b0f2e2c51e7caf
environment/sessionInfo_39_revision_point_models_age100_hazard.txt,668,c7c6541d214d1c6a357886ead598a778d95474b0e158235c74b0f2e2c51e7caf
environment/sessionInfo_39_revision_point_models_age110_tail.txt,668,c7c6541d214d1c6a357886ead598a778d95474b0e158235c74b0f2e2c51e7caf
environment/sessionInfo_39_revision_point_models_at_least_two.txt,668,c7c6541d214d1c6a357886ead598a778d95474b0e158235c74b0f2e2c51e7caf
environment/sessionInfo_39_revision_point_models_common_calendar.txt,668,c7c6541d214d1c6a357886ead598a778d95474b0e158235c74b0f2e2c51e7caf
environment/sessionInfo_39_revision_point_models_common_interval.txt,668,c7c6541d214d1c6a357886ead598a778d95474b0e158235c74b0f2e2c51e7caf
environment/sessionInfo_39_revision_point_models_entry_age_60_64.txt,698,43642dfa483b02b64fde259858d1125cbff1c6a8871b76181360b87e71377cca
environment/sessionInfo_39_revision_point_models_incident_inception.txt,698,43642dfa483b02b64fde259858d1125cbff1c6a8871b76181360b87e71377cca
environment/sessionInfo_39_revision_point_models_mortality_common_waves.txt,668,c7c6541d214d1c6a357886ead598a778d95474b0e158235c74b0f2e2c51e7caf
environment/sessionInfo_39_revision_point_models_piecewise_exponential.txt,668,c7c6541d214d1c6a357886ead598a778d95474b0e158235c74b0f2e2c51e7caf
environment/sessionInfo_39_revision_point_models_pre_covid.txt,668,c7c6541d214d1c6a357886ead598a778d95474b0e158235c74b0f2e2c51e7caf
environment/sessionInfo_39_revision_point_models_self_report_only.txt,668,c7c6541d214d1c6a357886ead598a778d95474b0e158235c74b0f2e2c51e7caf
environment/sessionInfo_39_revision_point_models_two_year_interval.txt,668,c7c6541d214d1c6a357886ead598a778d95474b0e158235c74b0f2e2c51e7caf
environment/sessionInfo_39_revision_point_models_unweighted.txt,668,c7c6541d214d1c6a357886ead598a778d95474b0e158235c74b0f2e2c51e7caf
environment/sessionInfo_39_revision_point_models_wealth_pre_difficulty.txt,698,43642dfa483b02b64fde259858d1125cbff1c6a8871b76181360b87e71377cca
environment/sessionInfo_40_adl_only_final_charls.txt,672,48b9c5acf204bcb35d0bc2f3489e2fff7193e690127209ef971e2b319c9557a6
environment/sessionInfo_40_adl_only_final_elsa.txt,672,48b9c5acf204bcb35d0bc2f3489e2fff7193e690127209ef971e2b319c9557a6
environment/sessionInfo_40_adl_only_final_hrs.txt,672,48b9c5acf204bcb35d0bc2f3489e2fff7193e690127209ef971e2b319c9557a6
environment/sessionInfo_40_adl_only_final_mhas.txt,672,48b9c5acf204bcb35d0bc2f3489e2fff7193e690127209ef971e2b319c9557a6
environment/sessionInfo_40_adl_only_test_charls.txt,672,48b9c5acf204bcb35d0bc2f3489e2fff7193e690127209ef971e2b319c9557a6
environment/sessionInfo_40_at_least_two_final_charls.txt,672,48b9c5acf204bcb35d0bc2f3489e2fff7193e690127209ef971e2b319c9557a6
environment/sessionInfo_40_at_least_two_final_elsa.txt,672,48b9c5acf204bcb35d0bc2f3489e2fff7193e690127209ef971e2b319c9557a6
environment/sessionInfo_40_at_least_two_final_hrs.txt,672,48b9c5acf204bcb35d0bc2f3489e2fff7193e690127209ef971e2b319c9557a6
environment/sessionInfo_40_at_least_two_final_mhas.txt,672,48b9c5acf204bcb35d0bc2f3489e2fff7193e690127209ef971e2b319c9557a6
environment/sessionInfo_40_at_least_two_test_charls.txt,672,48b9c5acf204bcb35d0bc2f3489e2fff7193e690127209ef971e2b319c9557a6
environment/sessionInfo_40_final_charls.txt,672,48b9c5acf204bcb35d0bc2f3489e2fff7193e690127209ef971e2b319c9557a6
environment/sessionInfo_40_final_elsa.txt,672,48b9c5acf204bcb35d0bc2f3489e2fff7193e690127209ef971e2b319c9557a6
environment/sessionInfo_40_final_hrs.txt,672,48b9c5acf204bcb35d0bc2f3489e2fff7193e690127209ef971e2b319c9557a6
environment/sessionInfo_40_final_mhas.txt,672,48b9c5acf204bcb35d0bc2f3489e2fff7193e690127209ef971e2b319c9557a6
environment/sessionInfo_40_test_charls.txt,672,48b9c5acf204bcb35d0bc2f3489e2fff7193e690127209ef971e2b319c9557a6
environment/sessionInfo_40_test_elsa.txt,672,48b9c5acf204bcb35d0bc2f3489e2fff7193e690127209ef971e2b319c9557a6
environment/sessionInfo_40_test_hrs.txt,672,48b9c5acf204bcb35d0bc2f3489e2fff7193e690127209ef971e2b319c9557a6
environment/sessionInfo_40_test_mhas.txt,672,48b9c5acf204bcb35d0bc2f3489e2fff7193e690127209ef971e2b319c9557a6
environment/sessionInfo_41_adl_only.txt,662,67e07dc621cdf143f6312bc871b39d08dbc72ba1318d722ee9453aac814d1c50
environment/sessionInfo_41_at_least_two.txt,662,67e07dc621cdf143f6312bc871b39d08dbc72ba1318d722ee9453aac814d1c50
environment/sessionInfo_42_bootstrap_summary.txt,662,67e07dc621cdf143f6312bc871b39d08dbc72ba1318d722ee9453aac814d1c50
environment/sessionInfo_42_bootstrap_summary_primary_education_primary.txt,662,67e07dc621cdf143f6312bc871b39d08dbc72ba1318d722ee9453aac814d1c50
environment/sessionInfo_42_bootstrap_summary_primary_wealth_primary.txt,662,67e07dc621cdf143f6312bc871b39d08dbc72ba1318d722ee9453aac814d1c50
environment/sessionInfo_42_bootstrap_summary_wealth_within_low_education_adl_only.txt,662,67e07dc621cdf143f6312bc871b39d08dbc72ba1318d722ee9453aac814d1c50
environment/sessionInfo_42_bootstrap_summary_wealth_within_low_education_at_least_two.txt,662,67e07dc621cdf143f6312bc871b39d08dbc72ba1318d722ee9453aac814d1c50
environment/sessionInfo_42_bootstrap_summary_wealth_within_low_education_primary.txt,662,67e07dc621cdf143f6312bc871b39d08dbc72ba1318d722ee9453aac814d1c50
environment/sessionInfo_43_confirmed_state.txt,737,b9802ab41ae15aa79b5cefb3da7c9a37626b52fc9dc1a479a1317e1949d67cd4
environment/sessionInfo_44_flow_missingness.txt,662,67e07dc621cdf143f6312bc871b39d08dbc72ba1318d722ee9453aac814d1c50
environment/sessionInfo_45_continuous_time_charls.txt,957,62917bf820729823ef047005ee03f331f822cbd6a5ca5bc60dd0aa650f56d301
environment/sessionInfo_45_continuous_time_elsa.txt,957,62917bf820729823ef047005ee03f331f822cbd6a5ca5bc60dd0aa650f56d301
environment/sessionInfo_45_continuous_time_hrs.txt,957,62917bf820729823ef047005ee03f331f822cbd6a5ca5bc60dd0aa650f56d301
environment/sessionInfo_45_continuous_time_mhas.txt,957,62917bf820729823ef047005ee03f331f822cbd6a5ca5bc60dd0aa650f56d301
environment/sessionInfo_46_enriched_charls.txt,1039,8693d7b84cc92d52545f9c7f7125d3380163df369491469544e4c7793d8a6053
environment/sessionInfo_46_enriched_elsa.txt,1039,8693d7b84cc92d52545f9c7f7125d3380163df369491469544e4c7793d8a6053
environment/sessionInfo_46_enriched_hrs.txt,1039,8693d7b84cc92d52545f9c7f7125d3380163df369491469544e4c7793d8a6053
environment/sessionInfo_46_enriched_mhas.txt,1039,8693d7b84cc92d52545f9c7f7125d3380163df369491469544e4c7793d8a6053
environment/sessionInfo_47_ipcw_charls.txt,733,5aaa79ebff6f89c22c1345e19c70ffb972033d74e78fb4191559d1a99c833f2a
environment/sessionInfo_47_ipcw_elsa.txt,733,5aaa79ebff6f89c22c1345e19c70ffb972033d74e78fb4191559d1a99c833f2a
environment/sessionInfo_47_ipcw_hrs.txt,733,5aaa79ebff6f89c22c1345e19c70ffb972033d74e78fb4191559d1a99c833f2a
environment/sessionInfo_47_ipcw_mhas.txt,733,5aaa79ebff6f89c22c1345e19c70ffb972033d74e78fb4191559d1a99c833f2a
environment/sessionInfo_48_internal_survival_calibration.txt,742,96881187725fc2ca52483b45e623fb83ccce00e52ad8ad9faa4c82d36d6e528c
environment/sessionInfo_49_focused_baseline_support.txt,662,67e07dc621cdf143f6312bc871b39d08dbc72ba1318d722ee9453aac814d1c50
environment/sessionInfo_51_functional_state_dictionary.txt,662,67e07dc621cdf143f6312bc871b39d08dbc72ba1318d722ee9453aac814d1c50
environment/sessionInfo_52_stratified_psu_summary.txt,662,67e07dc621cdf143f6312bc871b39d08dbc72ba1318d722ee9453aac814d1c50
environment/sessionInfo_53_consolidated_evidence.txt,658,bdbacbeca6a6235319b6db411e22f0db269da9012cab3ad5c50a3dded327609b
environment/sessionInfo_54_revision_tables.txt,658,bdbacbeca6a6235319b6db411e22f0db269da9012cab3ad5c50a3dded327609b
environment/sessionInfo_55_manuscript_insertions.txt,658,bdbacbeca6a6235319b6db411e22f0db269da9012cab3ad5c50a3dded327609b
environment/sessionInfo_56_v1_1_vector_figures.txt,682,83be314b88808fbf0386842be2bc9157cb72d524880e7d48f11107bae00ff443
figures/Additional_file_2_continuous_time_processes.pdf,167996,fb1f7d880b3413c73a5a960659c7e0aaa932fb3f6f0501f14ace27bd4b957103
figures/Additional_file_2_continuous_time_processes.svg,14174,e654080ae5afc0dc99407c0a2987ab2ebd35dbca8e3aa0199fe6484babb129dc
figures/Figure1_flow_and_multistate_framework.pdf,184446,68630add8905a49185a22ac74d600350f201c516a2e6381cd5efa9d291c5cab9
figures/Figure1_flow_and_multistate_framework.svg,12434,eaaf91ddc6a029d39df317a77d258c2bdbc9d91a760f6d42c51c7a4835584dfc
figures/Figure2_primary_gaps_and_absolute_years.pdf,163603,7caaa75a98dfe8dc391b10ac0a9a17add65f5290c6217aa8b820d47ac833eca6
figures/Figure2_primary_gaps_and_absolute_years.svg,16536,7c4d01c56e9aef35d7b31e30c49738bf73d1c8fb04aa43ac8e601323b92c0ac3
figures/Figure3_decomposition_and_robustness.pdf,267196,eee2d11623d94559a622eeec314271b1aa471f7be6d62bf0b356fb03a4ae6237
figures/Figure3_decomposition_and_robustness.svg,33443,6686e1eca65a31399d04f27db5f5371b56456f8c9e1156d31a74ec32dd9ae60b
figures/FIGURE_ASSET_MANIFEST_v1.1.json,2214,cec569fd88be6980617eb25336191427d6685b2e610b04d117cbae8de0c99de2
figures/MAIN_FIGURE_TITLES_AND_LEGENDS.md,2081,ef7732d33dbfce97937a54bdaa0bf2ddbf4b42c00b7158d84a34c65fa8f38cce
figures/qc/AdditionalFile2_vector_qc.json,927,e6684ef5b84aa3468935207ab88acbbab6dafb312c0d80f6760088e67ad737c0
figures/qc/Figure1_vector_qc.json,1062,45b704a3d63f848bb773b640608887eb1171d0bd8586aed49531ecde180554d1
figures/qc/Figure1A_vector_qc.json,897,e886542fb63b14f7bfb990693bcb2e42aefd04ae078d51892dc5906de838cd55
figures/qc/Figure1B_vector_qc.json,905,d33a26edc08ce7557efea3c587c66d1414a6053ae417973b863f0c58feae5ddb
figures/qc/Figure2_vector_qc.json,1066,568b3d64bd5d9eaa66374fb988689f5ee4412444b607161291097d81ab8ffac5
figures/qc/Figure2A_vector_qc.json,911,1997a96bc833557f4f11a0caff91806d0f0620d2db5a0657148ce63a9d4ae31c
figures/qc/Figure2B_vector_qc.json,919,566951373fe52791a9c9665d6d0014da61695c641f3ec4eebe117d57ac2624a5
figures/qc/Figure3_vector_qc.json,1246,f8e99cc3a2fdb49285b8261927f1c5cdd6a69a08c68835a6f7fba7771719bf0c
figures/qc/Figure3A_vector_qc.json,911,fbffaab1fa8add8c58bd9d191df79ae6f551b0c0646744315be68abfb816dba9
figures/qc/Figure3B_vector_qc.json,921,98ca702b79e2f9b20908e0aca56dea9a5b56827c32fdbaad3686ba1e2d83f69e
figures/qc/Figure3C_vector_qc.json,958,a2589814b2853948e4406d40aeffd1196f24bf142a81428cd396a5d666874721
figures/qc/FIGURE_QC_SUMMARY.txt,273,84ddf5b364a9f62e7bd037d5c8c0eaf59a015dc4cebe1e8ac3deeab23cb685e7
figures/qc/main_figures_illustrator_open_qc.json,730,6f984bbd4e4fbfe7663bb26ed868862113482aa41d662a9fa02f8a20844deddf
figures/qc/panel_figures_illustrator_open_qc.json,1196,e4d5f2173c4aa8c6b9f18ec81174984cb1a75b640c9e0e8596aaa66bb355c0d8
figures/source_data/AdditionalFile2_continuous_time_intensity_ratios.csv,1586,ee9d6c4842c389b9dbb41fbfb9cdada3870b8455ff24f9da48e658a5e6e56c12
figures/source_data/Figure1A_cohort_flow.csv,469,d96433d5456ee328a3055ea7a7012a3a26d6840ad1324e0a5b526790bfb7ea42
figures/source_data/Figure2A_primary_education_wealth_fdfle_gaps.csv,574,87e2c3b412facb9abf17c03d4aeb8214611421ce2940ccb60188dfd6a738873d
figures/source_data/Figure2B_focused_absolute_life_years.csv,1138,8f8dfa36fc38b1dc68cbb49f3dcac7711dae5707ea564e097008fab68702a4ab
figures/source_data/Figure3A_primary_post_onset_contributions.csv,576,bf17f154818818946ec213af82e9b8a935f12141f05f449e4409dc6609d9e574
figures/source_data/Figure3B_six_block_decomposition_with_ci.csv,2009,8578f79e26c540516040c0380ed5775de8ee4aa998c3157daa7e0d74d7646442
figures/source_data/Figure3C_functional_definition_sensitivity.csv,962,6f8cbc23e7aa6161fbb40076fb3907b00bfe9565d5e8f95c9817f5ba4e62ca4c
LICENSE,1136,e6a4de421f9025acbe28396dbf172342362db1e6156811aca95e3fc4f23d469e
LICENSE-DATA.md,537,6b54d63783e0722d0fda6f90da7c6414a5e08eebe3065a0c1735fa211c158dac
README.md,4142,b15ba1a3ceb133a5f76148d3e323509c3d1a01328c480b3d94ed60391e5d3480
RELEASE_QC.md,1072,7d46f9058de35354930e9ee0e61ec591caa719844a756f2c5201a2cac402c1f2
results/original_analysis/00_source_audit/source_candidate_dictionary.csv,146369,18d37b82c12031b44d01b48168703e8a27e5843f9e1f9d5c4a81cacf51245927
results/original_analysis/00_source_audit/source_concept_coverage.csv,17231,df79510ab516c7e3f580a6bcae4124e542f431330490151f26d94583eae936ad
results/original_analysis/00_source_audit/source_file_audit.csv,498,4beb32b8313fa00159e101a87bef680345d40c651e0b97bd74fb2269b196fa80
results/original_analysis/01_gate0/death_non_death_attrition_audit.csv,4654,94ae87fa5106fe76f530502e93920678edd3a40401b565ec8a6ae503bc04f03b
results/original_analysis/01_gate0/death_source_audit.csv,526,704cadbbd4b89c3f28b42953b86e6b270e3248b79f78a477d1f42871f3cb88b2
results/original_analysis/01_gate0/exact_schema_availability.csv,34106,ccb620dccee545ee08814db21f13188ea2cc9b9f7739264ffa60a892486d7996
results/original_analysis/01_gate0/gate0_event_counts_by_cohort.csv,450,d1415cacd709df043e12e370ab453a2ddadba0ae133acd0d584da8a30a8c1e0f
results/original_analysis/01_gate0/gate0_event_counts_by_interval.csv,14262,d346da1e602b874a6ef8b10ad1da4dc3faf1a6b4e0daa969c611acdaf4af4688
results/original_analysis/01_gate0/impossible_transition_audit.csv,210,776692f02f9e1262d57204cf034999413a8dd02f921b32d6f531cb8407359647
results/original_analysis/01_gate0/interval_length_audit.csv,1475,7241e650536544787d896798de6355c3c25ca0061afa87d169e49475ecb42bff
results/original_analysis/01_gate0/iwstat_value_counts.csv,2780,8ce338915e30f00831b1ae7ede104ef5fc00b5c93f0c5cb97fb5fa28cc9fae34
results/original_analysis/01_gate0/semantic_value_counts.csv,31172,0cc6e0985b833f87c1eb790bedc58e152bb38c8cdbf67a9a891954a2adc3925f
results/original_analysis/01_gate0/semantic_value_labels.csv,125640,b7765ee88dcc4896107c4e32eafdf672b82231b76a9dd12db770e0a1c6dc8b9e
results/original_analysis/01_gate0/source_read_audit.csv,1012,f461a3a328479a91c62210f05e4cf7a2dbdacc099c2ab2f8cbcb4d26ad4318fe
results/original_analysis/01_gate0/transition_matrix_counts.csv,1453,c6e4318356924794114e1c7c4462fafd02ad8a4e10f6a625400da5b2fc37c746
results/original_analysis/01_gate0/wave_state_counts.csv,4281,64715d9cda715d728b2c1cfbeae5d4b847f53e0e871ee728e0297ea48dae74b9
results/original_analysis/01_gate0/wave_variable_missingness.csv,20063,0ca7c20f85765a052928d9229b87f7e3458e0fd1b0ae10877793a2a996e2226d
results/original_analysis/02_elsa_wave11_audit/core_selected_variable_metadata.csv,513328,313967565f45fd58e6b20f224399da7ecdde3da825b75a9890afba5685a39489
results/original_analysis/02_elsa_wave11_audit/death_date_proxy_weight_candidate_metadata.csv,699824,a75d645bd3e1caed36ba4718bde21d7cf7e75dfeb5f3d22b2588299eec8c4a4d
results/original_analysis/02_elsa_wave11_audit/eol_all_variable_metadata.csv,608007,f5494d7809e1362550a68a59291b2848001e887f2a8eb353b948ff30fa5d2f44
results/original_analysis/02_elsa_wave11_audit/wave11_core_eol_overlap.csv,26,f0fad4dc2555cc939006787b68becff2eb3ebf1104f7371d1d72cc4d1eec2adb
results/original_analysis/02_elsa_wave11_audit/wave11_id_audit.csv,132,0487cc9c7da1b2207ef9ac4dd5ed8b100267af7472788406b3bb4d47ae4d4fb4
results/original_analysis/02_elsa_wave11_audit/wave11_strict_function_summary.csv,195,e7728a301eda0d55483f3c01398ebecf0b470f3bf2b3935368ea50d2cf560adc
results/original_analysis/02c_charls2020_schema_audit/charls2020_all_variable_metadata.csv,1093560,463d14001201a12ebf2cfe8b9da9a225377628f04c1a691cf50768b716f6e5a4
results/original_analysis/02c_charls2020_schema_audit/charls2020_candidate_file_audit.csv,908,58e3af41b4f39ff8addd8ce6cc3f95b898414b3de6c27de6249d970e8d099ebb
results/original_analysis/02c_charls2020_schema_audit/charls2020_keyword_candidate_metadata.csv,221138,1d1a39e7576080e3e3167b59b5ded3db1694de5b547d1c35b2cf6dc411a96c7d
results/original_analysis/02d_charls2020_adapter_audit/charls2020_exit_death_agreement.csv,273,b163e774151fc24f8826a9dee6617def240399354f896cc82bb7118743d377a7
results/original_analysis/02d_charls2020_adapter_audit/charls2020_function_recode_agreement.csv,476,b5bb2f1323962258f12d0249e840a002d7ce33552b3f50d3be96a3f783c006a3
results/original_analysis/02d_charls2020_adapter_audit/charls2020_function_value_counts.csv,3188,53d096a1b8d2425bb68d927bbce049229b7fc8dd4e3ab8287bc0599e84b28456
results/original_analysis/02d_charls2020_adapter_audit/charls2020_interview_date_source_agreement.csv,108,0cc5e1505124f9953ae1b372b09555e2e00f767d207de96fb8072e78739f4a1f
results/original_analysis/02d_charls2020_adapter_audit/charls2020_prior_id_linkage_audit.csv,514,ffa923eaae40192f61cf1445dbbc41c8ea31a95f2cbe84cfdaf82386dbe8f15f
results/original_analysis/02d_charls2020_adapter_audit/charls2020_proxy_audit.csv,166,1ad6bf0dc21a720f43e32cfb612c518901e68cc398597507d6bf5a16930390fc
results/original_analysis/02d_charls2020_adapter_audit/charls2020_record_id_audit.csv,238,d640406b6a5fc08688675bc69347d43b882168937b0172366767c03901eaca2c
results/original_analysis/02d_charls2020_adapter_audit/charls2020_status_function_date_weight_audit.csv,205,333da47b80f9e5221d57a8a913194beb8707b730de988285c98aeee6aa30742b
results/original_analysis/02d_charls2020_adapter_audit/charls2020_weight_source_agreement.csv,182,cf2f824af400a32bb3da5f3588db79babc8b14859a571c175e0622f28a9dd4e4
results/original_analysis/03_formal_risksets/formal_mortality_gate.csv,302,46e631ce18073181015a2036b96be57087a8073563b8c00baa3180334ab2886c
results/original_analysis/03_formal_risksets/function_events_by_ses.csv,6539,321d76b3f28362fd1baa0e71a0f24d5bb5e26481876703c08f73f19f3746f928
results/original_analysis/03_formal_risksets/mortality_support_and_exclusion_audit.csv,924,443cdc6a0285d5de4e55be12ab95a0189444bb41204abc55f0cd8b55ad171d35
results/original_analysis/03_formal_risksets/person_ses_distribution.csv,1057,98af32be0be5faa2513f4883644b6d7c7155c07fd08e342c7b6b5989d4a57e8a
results/original_analysis/03_formal_risksets/supported_mortality_events_by_ses.csv,5709,9e77ace8fa1c59553f0fda2c6e6159c158d5e73cb95849f9089e4df25da95499
results/original_analysis/03_formal_risksets/wealth_entry_wave_cutpoints.csv,2052,a75cd86ea98a6351577213e3d2b52a54b2c87c1bb941e83105b3473d5604ce02
results/original_analysis/04_formal_point/annual_transition_probabilities.csv,929516,5e3e5c25323943f815dd6073ba23ba96d3152a46ac1d5f142b50c586c013e09b
results/original_analysis/04_formal_point/country_heterogeneity_point_screen.csv,942,ab9fc60fb6cccf276f57b85afa98eac2e1fdc7ef98dc3b85bd50bf985433ee58
results/original_analysis/04_formal_point/life_expectancy_point_estimates.csv,2648,240941c3b691df591563b3797009161c0eef69355653e939a851659c8e0408d4
results/original_analysis/04_formal_point/low_high_absolute_gaps.csv,2894,50d0323c4faccc339e94009040354648fffcfee4c72e6d28a6db87eb7e3230c9
results/original_analysis/04_formal_point/model_coefficients_checkpoint.csv,109599,5e721255ea62cf7e693b0de7090face6d5b44c5a6fc211f77bf8d83668e428b9
results/original_analysis/04_formal_point/model_coefficients_model_based.csv,109598,12a3661c049c7c36ab847aa0e941f2330e75e5f9799754be51f223954b867c58
results/original_analysis/04_formal_point/model_convergence_qc.csv,11550,8a044af3aeed1f08cec26d1d8d9f2f511d870ec962e7b20484962ada0fc21f15
results/original_analysis/04_formal_point/model_convergence_qc_checkpoint.csv,11550,8a044af3aeed1f08cec26d1d8d9f2f511d870ec962e7b20484962ada0fc21f15
results/original_analysis/04_formal_point/point_promotion_screen.csv,678,82372e22de0e855c36c823f84d7166e326f47cca63750c27104aaa8049a985cc
results/original_analysis/04_formal_point/shapley_decomposition_point.csv,11604,545d547c62b5f6e975f02102f673dd0838d6f92b607521730cb8828ca3850f74
results/original_analysis/04_formal_point/standardized_annual_hazards.csv,547204,2c92d09a5d34ab2cdcdf78b01a4d7f5e76fa73312aa7fcba8f39172fa43a04dc
results/original_analysis/04_formal_point/standardized_annual_hazards_checkpoint.csv,547204,2c92d09a5d34ab2cdcdf78b01a4d7f5e76fa73312aa7fcba8f39172fa43a04dc
results/original_analysis/04_formal_point/state_occupancy_trace.csv,382544,d9e112de868a749fcf164dce11dcc76cb69f40acaa2dc596a35539ebe87ea07a
results/original_analysis/05_bootstrap_final/bootstrap_charls_qc.csv,61869,e84ef313d1691f776f6c6d990d6fb33093ab3478a48123cbd748eaccb0632d63
results/original_analysis/05_bootstrap_final/bootstrap_charls_replicates.csv,368907,9f3266c8b826e57221b87ee19357fe3b5553153b9b52ee35d8fbb1d26fdcf468
results/original_analysis/05_bootstrap_final/bootstrap_charls_wealth_cutpoint_audit.csv,55020,eb151b9a940f06cc7da52f817f6a7968d439ad259cce1183b3fd336ecc017d61
results/original_analysis/05_bootstrap_final/bootstrap_elsa_qc.csv,59936,1a1e445ac86c4f3622425769be957177ef911120753ee0cda1bf6943341b5354
results/original_analysis/05_bootstrap_final/bootstrap_elsa_replicates.csv,369448,003c0c35cc4426a7d35ab42300481a6e873f841069bdd381583f6c93dc769df6
results/original_analysis/05_bootstrap_final/bootstrap_elsa_wealth_cutpoint_audit.csv,260969,0ce4ed6a9cb5bf4f24bdb2b3e470e3565469646fc7bd9abd8c0e02e2ebff8d66
results/original_analysis/05_bootstrap_final/bootstrap_hrs_qc.csv,54940,f527349dfefd458d3969a3777697016ca3c560920077488fe6bb092a16085798
results/original_analysis/05_bootstrap_final/bootstrap_hrs_replicates.csv,367960,da14c73fd5792596f605c7350cf1fd09aff62abf03f7d435127928aaae452674
results/original_analysis/05_bootstrap_final/bootstrap_hrs_shard_merge_audit.csv,167,8c15e1a8ae6b606ab13f4f16a7ca206dd363955b9207285013e5d1d06f205162
results/original_analysis/05_bootstrap_final/bootstrap_hrs_wealth_cutpoint_audit.csv,364842,5212305ef4671fe90559ba8197e9111a7fde1902619e0d158351bfc81dc94eec
results/original_analysis/05_bootstrap_final/bootstrap_mhas_qc.csv,59958,27b1237613ec5bd76d56ad5555b0e65b1c3872de5d20630ffe75109eeac0a8a1
results/original_analysis/05_bootstrap_final/bootstrap_mhas_replicates.csv,370465,cb194707c749af57f1cd942f33a74e64109a713b569e3fb189319be8a6c46841
results/original_analysis/05_bootstrap_final/bootstrap_mhas_wealth_cutpoint_audit.csv,171016,68bb195e1479adbfd26cacd2c36d2919389ed9e8376252d1cd6eaabe34d63ec7
results/original_analysis/06_bootstrap_summary_final/bootstrap_percentile_intervals.csv,21629,8dea4a80cd67d02c9b045c51755665cdc1f3604ec094f42a188c53eb69913a5a
results/original_analysis/06_bootstrap_summary_final/bootstrap_promotion_decision.csv,716,112cc7f6758e53fe1eb8dd48eb65d4ea3214bd888889ca4098e50cf03d01c069
results/original_analysis/06_bootstrap_summary_final/bootstrap_validity_qc.csv,886,5444a0d31ccae2c0e4f81a62f137fdafe215170de02afa33ac298843f86bc3ba
results/original_analysis/06_bootstrap_summary_final/mechanism_promotion_by_cohort.csv,2091,e3a4629535b782237b1a7f9e000866adcb61e27fc1bdb6543c991d49bd99f4a8
results/original_analysis/06_bootstrap_summary_final/pairwise_country_heterogeneity.csv,6766,1368915d13099fed6ae21e044c513c6ee425ba26ea67bcce826d52e3436c070a
results/original_analysis/07_sensitivity_point/primary_reproduction_decomposition_detail.csv,3562,40f1cffb629c14d3398b98877e788b6b991d5f4167fc6e433d8c54f053f86b68
results/original_analysis/07_sensitivity_point/primary_reproduction_gap_detail.csv,631,ec05396a072c2c2c1477effc190361e67b971a85d1902ba9599d967b5c440a55
results/original_analysis/07_sensitivity_point/primary_reproduction_qc.csv,140,0250d3d51fee2fed42c00044e04a9039f3dca82023897f11037c727aae84ae52
results/original_analysis/07_sensitivity_point/sensitivity_direction_and_magnitude.csv,11824,c5651ed58c0a5a4f70196f9e1b6d365689c7816ea958cd9bb53c6ea781da529b
results/original_analysis/07_sensitivity_point/sensitivity_life_expectancy.csv,22238,0b8c38e54d477fc4802e3597eb2ed6e792127ecd7ba1c6a2cb210d322509cc56
results/original_analysis/07_sensitivity_point/sensitivity_model_coefficients.csv,398024,02c32143016e1336a0fd06faef326d078dda8d87227ecb5db234f05ce19f9c59
results/original_analysis/07_sensitivity_point/sensitivity_model_qc.csv,35269,dc217a5a10c6c141afcdb2700daf9545ae206659a85327c64af08e1366ae412b
results/original_analysis/07_sensitivity_point/sensitivity_rate_support_qc.csv,21182,bc4a082ab8d4463aab519750b44d30d560b02b6a121c986849b1a9bf59364e0a
results/original_analysis/07_sensitivity_point/sensitivity_shapley_decomposition.csv,25752,a8789efa58bae1b076f536bc5f567971bdcccdc0f58a42b862c9c5e7c1a55fe6
results/original_analysis/07_sensitivity_point/sensitivity_specifications.csv,377,43e262abacf57fe7c68514e46e3d6eadedc3b925933e74361ab622900629c239
results/original_analysis/07_sensitivity_point/sensitivity_standardized_annual_hazards.csv,2393816,42d249f1ea7d731dafa48a745522e88f3b4779eec1080df66f8bb5a5379f9a46
results/original_analysis/07_sensitivity_point/sensitivity_summary.csv,8142,30055eb3cad00f82f2c93eb297ac224a2723e4b2a93dd9fda79a28bb8fcfe8d1
results/original_analysis/08_submission_tables_final/Table1_absolute_life_year_gaps.csv,1930,ddf0d5cc5182bb0a25ba4cf8663710788235c4c6e8261dbff4245a0b0fc6f439
results/original_analysis/08_submission_tables_final/Table2_recovery_relapse_mechanism.csv,1490,5fe3c7356231b52ef53586e1579c1d35beae332e7db25840687f4b3ac1bb281e
results/original_analysis/08_submission_tables_final/TableS1_gate0_event_counts.csv,450,d1415cacd709df043e12e370ab453a2ddadba0ae133acd0d584da8a30a8c1e0f
results/original_analysis/08_submission_tables_final/TableS2_shapley_contributions.csv,3601,060f1d55883ddea354a60a4f1874b7023b740845851a95056ee96fbbf4155ee3
results/original_analysis/08_submission_tables_final/TableS3_transition_hazard_ratios.csv,3044,91da61477a67a991ce4c957f1914eb03aa9a191104e5ae1d652a58d9d822fbe0
results/original_analysis/08_submission_tables_final/TableS4_binding_promotion_decision.csv,716,112cc7f6758e53fe1eb8dd48eb65d4ea3214bd888889ca4098e50cf03d01c069
results/original_analysis/08_submission_tables_final/TableS5_sensitivity_direction_and_magnitude.csv,11824,c5651ed58c0a5a4f70196f9e1b6d365689c7816ea958cd9bb53c6ea781da529b
results/original_analysis/08_submission_tables_final/TableS6_threshold_gate0_event_counts.csv,997,080fcecd3e8800f901d8779779b4dc58d3496ec9615b9756bfd52377645b979f
results/original_analysis/08_submission_tables_final/TableS7_threshold_mechanism_sensitivity.csv,2249,7499d99ef5bc736ab4e7ad7b5a412d57b17dfd161692d2e63d300bf70d015103
results/original_analysis/09_threshold_sensitivity/adl_only/annual_transition_probabilities.csv,929039,2def1c36cdf887661178e74124997b150bcdc84c05e764daa20588045b444c54
results/original_analysis/09_threshold_sensitivity/adl_only/country_heterogeneity_point_screen.csv,936,7ec6b6e6b9e98238d9aca8ffc0afce7e744c35a3d225494f38766372484c7188
results/original_analysis/09_threshold_sensitivity/adl_only/life_expectancy_point_estimates.csv,2613,f8419faa7fa1957ff9942c4335123eaa95f595653f093906fce78336f261b7af
results/original_analysis/09_threshold_sensitivity/adl_only/low_high_absolute_gaps.csv,2890,a2eed8e82595cb1e77e228b01c83ce161f9bddf4acbe5941b4a5ed52e8156bc1
results/original_analysis/09_threshold_sensitivity/adl_only/model_coefficients_checkpoint.csv,109504,08c9dbfe7a8953dc513a7f805f9275527878da5159929e8832bfbe9a9e2a10eb
results/original_analysis/09_threshold_sensitivity/adl_only/model_coefficients_model_based.csv,109504,08c9dbfe7a8953dc513a7f805f9275527878da5159929e8832bfbe9a9e2a10eb
results/original_analysis/09_threshold_sensitivity/adl_only/model_convergence_qc.csv,11546,48158958e13f58a22c73add1816e3c97497403d270533c0f342f1c7d22c924f8
results/original_analysis/09_threshold_sensitivity/adl_only/model_convergence_qc_checkpoint.csv,11546,48158958e13f58a22c73add1816e3c97497403d270533c0f342f1c7d22c924f8
results/original_analysis/09_threshold_sensitivity/adl_only/point_promotion_screen.csv,686,82a79fa37d2ba163fc479f690326676890bdff50869e71c959f54b5be656fd4e
results/original_analysis/09_threshold_sensitivity/adl_only/shapley_decomposition_point.csv,11612,f3232a0942616102b449d450c2290cd2ce26bad98c41e525a62c707afa3ce4d0
results/original_analysis/09_threshold_sensitivity/adl_only/standardized_annual_hazards.csv,546094,0030dfbab369658d1dde14b9d237811e751b0f46c16beee3255c4504643f114d
results/original_analysis/09_threshold_sensitivity/adl_only/standardized_annual_hazards_checkpoint.csv,546094,0030dfbab369658d1dde14b9d237811e751b0f46c16beee3255c4504643f114d
results/original_analysis/09_threshold_sensitivity/adl_only/state_occupancy_trace.csv,383081,470146310686576641b698eb478db4792fc8c4c4e0b1c64ea9b1b4aaca682493
results/original_analysis/09_threshold_sensitivity/at_least_two/annual_transition_probabilities.csv,929332,636a9e34972dd75a659c9d0b3fccb1377d9c291de3cb2371f2b17b3605db128b
results/original_analysis/09_threshold_sensitivity/at_least_two/country_heterogeneity_point_screen.csv,931,5ef4fb7e9d9cd6a95befb7ba707f1493fdc990010708f5c3a90757869114c16b
results/original_analysis/09_threshold_sensitivity/at_least_two/life_expectancy_point_estimates.csv,2591,88c3cd1f1b60e974a60dff24d0dcbada768f12970a5c6060a3b534650dcdb1bd
results/original_analysis/09_threshold_sensitivity/at_least_two/low_high_absolute_gaps.csv,2895,f48eb6b7aac4d52dce50668198efae9b11d4b2138ccfbe92fa0fc4d58b9978e4
results/original_analysis/09_threshold_sensitivity/at_least_two/model_coefficients_checkpoint.csv,109266,d004ddef763d438c985c709ffc95709fa4d6253b3075aed63d16d9632dd255d3
results/original_analysis/09_threshold_sensitivity/at_least_two/model_coefficients_model_based.csv,109267,25c8038162d09e0ab5283719c56b92ec71481d45e39c87eb1f1215abed09b6d2
results/original_analysis/09_threshold_sensitivity/at_least_two/model_convergence_qc.csv,11517,a1dec8799ffd294a1bd8ce1c9be5b4052210613a02216eeb12dd84f8866c3f3c
results/original_analysis/09_threshold_sensitivity/at_least_two/model_convergence_qc_checkpoint.csv,11517,a1dec8799ffd294a1bd8ce1c9be5b4052210613a02216eeb12dd84f8866c3f3c
results/original_analysis/09_threshold_sensitivity/at_least_two/point_promotion_screen.csv,696,92b49767d62026cc52272749ccdb43744ca319f28895943f8d830f9eb0bbab62
results/original_analysis/09_threshold_sensitivity/at_least_two/shapley_decomposition_point.csv,11604,74138d7728ae41c3549ec529efdb483953fde6866b2f7b01dfa2175259da83cd
results/original_analysis/09_threshold_sensitivity/at_least_two/standardized_annual_hazards.csv,546248,026b728ac53f73623cdeaa39cf753442257cd2338591bbc744f31a0da6e29b05
results/original_analysis/09_threshold_sensitivity/at_least_two/standardized_annual_hazards_checkpoint.csv,546248,026b728ac53f73623cdeaa39cf753442257cd2338591bbc744f31a0da6e29b05
results/original_analysis/09_threshold_sensitivity/at_least_two/state_occupancy_trace.csv,384654,737c71b0cca73c6fb573886479ab1a88ad80e1a9f2ea703df99d392b4686c60a
results/original_analysis/09_threshold_sensitivity/permissive_partial/permissive_partial_isolated_fit_coefficients.csv,716,68e99ab4982c325eb4da70c21c8d0d64f248701b0e2f56440bd0a7bfca8375c7
results/original_analysis/09_threshold_sensitivity/permissive_partial/permissive_partial_model_stop_diagnostic.csv,320,f3cb249541046d6401c99fe923f0d8b304ede80280ec91f73d6538a90206b1cb
results/original_analysis/09_threshold_sensitivity/permissive_partial/permissive_partial_stop_event_support.csv,437,46ae8e3d4c5900fb67bcea34f9649ba8d037ecec67a534c282e167cdf2265c50
results/original_analysis/09_threshold_sensitivity/threshold_gate0_event_counts.csv,997,080fcecd3e8800f901d8779779b4dc58d3496ec9615b9756bfd52377645b979f
results/original_analysis/09_threshold_sensitivity/threshold_mortality_gate.csv,832,110410a37f0837191f79d0b43c7af45c78006380abc27e0d2ac964384e2479a8
results/original_analysis/09_threshold_sensitivity/threshold_wave_state_missingness.csv,5330,6e596cfc9ffbb5951299690b2b6f341c2d8c6949fcd3ce20db675cf23344e800
results/original_analysis/10_exploratory_upgrade_support/age_band_recovery_relapse_support.csv,7632,fd684c25f5a31410d6f6ff46f310ad1fe6cd56046bd752994fa041940854c298
results/original_analysis/10_exploratory_upgrade_support/joint_ses_person_support.csv,400,8bf7d7814b7c488fbe2d3581403412201466ab98ee4d9d6f35f4882e8ba89d34
results/original_analysis/10_exploratory_upgrade_support/joint_ses_process_support.csv,4476,7855a13f1002363dc14ac970ff332cc49b375c9303a185d675d8436d75b7fc8a
results/original_analysis/10_exploratory_upgrade_support/module_support_decision.csv,149,935e7162ce85155e447549e0f6a99059ede4ea0ab8a85f7f455e65a6d8cfb65d
results/original_analysis/10_exploratory_upgrade_support/module_support_gate_by_cohort.csv,416,a8ef010c4686d6c86fb7549389b723ed616c7bc19533088105fb29bc5cf4dbc2
results/original_analysis/10_exploratory_upgrade_support/recovery_phase_mortality_support.csv,2083,048427616290ee07bf61c7338955917330546c5d44b2ebe07c511687e846f5f8
results/original_analysis/10_exploratory_upgrade_support/recovery_phase_relapse_support.csv,2078,9e49fc842b99a78ed6cc19cf926b38b1c36b8acef457df224aa2cfbd398c8b3f
results/original_analysis/10_exploratory_upgrade_support/sex_process_support.csv,9954,6cca646fdc95dae93855fc813d3ee016466f0e02779322d18fcc4705829ad25d
results/original_analysis/11_exploratory_upgrade_point/age_interaction_elsa_onset_recheck.csv,461,b0c6d25d2d477f583025e8bda978bd7d86202de51b3941f3ba8f85f8bc248085
results/original_analysis/11_exploratory_upgrade_point/life_expectancy_point_estimates.csv,4311,36daf43f96f60c2c89eb4b495d50f071707cb58ff72c3b141e6e416668699566
results/original_analysis/11_exploratory_upgrade_point/low_education_wealth_compensation_point_screen.csv,549,0d18d3757e0ba47fc1b42c1ebe770fc186dcfa9b7f2ca5b58b581568162e7b3d
results/original_analysis/11_exploratory_upgrade_point/low_high_absolute_gaps.csv,4877,b746ee4bc9168fe371bdbef1a81f75fd97c403b8bcf0ec722b9f1b05add9be01
results/original_analysis/11_exploratory_upgrade_point/model_coefficients_model_based.csv,124205,deafabe86daf85ef28eded7b4f42476c1dca82fc8820235bee87119c914e75af
results/original_analysis/11_exploratory_upgrade_point/model_convergence_qc.csv,12074,b9055f1f34e06e8970c6ecd9aecee29793101b168ee9ef060c399da554be8b3e
results/original_analysis/11_exploratory_upgrade_point/module_point_promotion_screen.csv,1161,ae0bdc32effdd728a00bd4d8e2475e5d50b01f779c4c34e43296368c87762fa4
results/original_analysis/11_exploratory_upgrade_point/recovery_phase_model_contrasts.csv,1920,0c6c69c7e225b7cbd3c80c80888ee3640f2cff765af4fb88744d78d87ffbee88
results/original_analysis/11_exploratory_upgrade_point/recovery_phase_model_qc.csv,1017,88a6d8fa8e8ed53a2c0b79f84a8cb84938d6bc4d23d77314b962a4f23615228f
results/original_analysis/11_exploratory_upgrade_point/recovery_phase_standardized_rate_ratios.csv,2566,9d04d13bd410a2464fdf93edf11fbe8cef470e4b64aa3478c1c4e790e64e8990
results/original_analysis/11_exploratory_upgrade_point/sex_difference_point_screen.csv,880,5b841f3ce782a545998cb7924b06a54af536e315e0a3d036060d91917e7a18bb
results/original_analysis/11_exploratory_upgrade_point/shapley_decomposition_point.csv,20183,0b54d8d5bbd83e43cea7b64c52e69fafcdf51d4ec6894cf4c04bed5099ba850b
results/original_analysis/11_exploratory_upgrade_point/standardized_annual_hazards.csv,895600,71b5adbb36fa5399e27c58a71367ae47df99f348a9a99b00cee2b250064a795d
results/original_analysis/13_exploratory_bootstrap_summary_final/bootstrap_metric_qc_filter_audit.csv,101,efb411cdbb34a524f1873612b61f122859ad3a1322f2f4e3f00f1d88fb5036f2
results/original_analysis/13_exploratory_bootstrap_summary_final/bootstrap_metric_source_overlap_audit.csv,102747,211947644bc89173607378f9fd945292381716651e0dafc1493275ed6d95e967
results/original_analysis/13_exploratory_bootstrap_summary_final/bootstrap_percentile_intervals.csv,32591,adf76d9cf8c5d440529e5867f73c3e358cbb16463f8e3fc8580f05444436d017
results/original_analysis/13_exploratory_bootstrap_summary_final/bootstrap_qc_consolidated.csv,421773,9b5aea78d89db896087228c1211a77286729a7683a9b215daed42dd40c0065c6
results/original_analysis/13_exploratory_bootstrap_summary_final/bootstrap_qc_source_overlap_audit.csv,1879,a496b4953675efbe96353054f8c9323535120c111e8a4a7d82f7541b27ed61a0
results/original_analysis/13_exploratory_bootstrap_summary_final/bootstrap_valid_metrics_consolidated.csv,8646595,e6d9906d9ccdbc8d387b5e3bd700dfe0a9035a088ae73543f14d0be0489c160d
results/original_analysis/13_exploratory_bootstrap_summary_final/bootstrap_validity_qc.csv,2120,e57a634b24fcdde6a78df975b2139faf44bddd02b3eb8572dc028619449c19d0
results/original_analysis/13_exploratory_bootstrap_summary_final/exploratory_upgrade_decision.csv,748,74ab50f7c9ea168af5b396dd8a46cb4020a6825d58bc1834b65f44f5ba651bbd
results/original_analysis/13_exploratory_bootstrap_summary_final/low_education_wealth_country_heterogeneity.csv,10740,671da851e70c3fd537f795287f65007f237279ecbc73c3106dbc1fe51aa06341
results/original_analysis/13_exploratory_bootstrap_summary_final/low_education_wealth_mhas_contrast_screen.csv,1070,92b5e541a715e3fb279738de89ee31284c686f54414342cac29f1af8617aa237
results/original_analysis/13_exploratory_bootstrap_summary_final/low_education_wealth_promotion_by_cohort.csv,1186,a2140ef28c6113a18496ca71abbadfbab5dfa13c5ab9ea873d8380bf0b9a389b
results/original_analysis/13_exploratory_bootstrap_summary_final/recovery_phase_promotion_by_cohort.csv,2070,9ded9e979669251b4ba9a61f9c19b47af71861e3b28dbc8ae6d9c6ac73c703b4
results/original_analysis/13_exploratory_bootstrap_summary_final/sex_heterogeneity_promotion_by_cohort.csv,973,05984853a4934157132ccaf4f18486d22e9b21bc9499cd2525b8ff785a6e549e
results/original_analysis/14_recovery_exhaustion_support/recovery_exhaustion_support_decision.csv,98,ab7e7ada6f1126270d2c80a1c10749ab893b21742cbe4dab0b24ea016a8b7ea9
results/original_analysis/14_recovery_exhaustion_support/recovery_exhaustion_support_gate_by_cohort.csv,267,d1dde3effdfb335699f76a4627c78cd59e55f7c3449f895885a66ea11a20bb51
results/original_analysis/14_recovery_exhaustion_support/recovery_origin_wealth_support.csv,1118,80851522771737b566b4bfa45062b876421750212534f1976b69198a4c602220
results/original_analysis/15_exploratory_sensitivity_exclude_explicit_proxy/life_expectancy_point_estimates.csv,1591,d02a1245f9824f1489539439a6f0e5bdee7699cd1fe54e652af98aebea4f3e96
results/original_analysis/15_exploratory_sensitivity_exclude_explicit_proxy/low_education_wealth_compensation_point_screen.csv,553,cf88b59c62d80e1dec350cf57fa9136e2f503bd6d7ad8d34e30431ab64f59d63
results/original_analysis/15_exploratory_sensitivity_exclude_explicit_proxy/low_high_absolute_gaps.csv,1772,4898b1609c135b5d83d5a4134dcbbdc783d8249f20caf131a40b7296f328fb12
results/original_analysis/15_exploratory_sensitivity_exclude_explicit_proxy/model_coefficients_model_based.csv,58790,d8ea8ea2f9a347ff06d761e9dd8fcb8c1c0e26b309ebe81963f12442c1de6f9c
results/original_analysis/15_exploratory_sensitivity_exclude_explicit_proxy/model_convergence_qc.csv,6037,a3763ec4f052ff485aec0b3c06f2bed3175f10923a3b7aa9c633d069222f864c
results/original_analysis/15_exploratory_sensitivity_exclude_explicit_proxy/module_point_promotion_screen.csv,497,87791e4ee41c51e972f72f6ec6961e5af9119b19037a596e238e9dcbb9125986
results/original_analysis/15_exploratory_sensitivity_exclude_explicit_proxy/recovery_phase_model_contrasts.csv,1922,a817dbb46f8860d7c75fc7f5a0aebb250435f7d73d7e48dd2755346ca8d920dd
results/original_analysis/15_exploratory_sensitivity_exclude_explicit_proxy/recovery_phase_model_qc.csv,1016,cd07d67de9840da5ea276cb4c9a9e072281aa5c8d7dd7fd8e3d712feb3e0f361
results/original_analysis/15_exploratory_sensitivity_exclude_explicit_proxy/recovery_phase_standardized_rate_ratios.csv,2567,304bd545bd98840ba0e55798fafebb118e94db3cf094717c92b4dd3e18377a58
results/original_analysis/15_exploratory_sensitivity_exclude_explicit_proxy/sex_difference_point_screen.csv,0,e3b0c44298fc1c149afbf4c8996fb92427ae41e4649b934ca495991b7852b855
results/original_analysis/15_exploratory_sensitivity_exclude_explicit_proxy/shapley_decomposition_point.csv,7303,3e51c7aac86355ae75f50a31072c5cb5f6ff05d923ea343d6195dc2ca24ac68f
results/original_analysis/15_exploratory_sensitivity_exclude_explicit_proxy/standardized_annual_hazards.csv,328591,c259cb6c8bf6dae09ccf400bcf782b51eb7d82c65e33f66b619fcf79beacf71a
results/original_analysis/15_exploratory_sensitivity_interval_1_to_3_years/life_expectancy_point_estimates.csv,1649,3187dae382140b25e0e12876219a36a06c7e363d80d33f6d4aa9ba7aa38eb668
results/original_analysis/15_exploratory_sensitivity_interval_1_to_3_years/low_education_wealth_compensation_point_screen.csv,549,f88cd36dbf2296915944a3f6a80127d06aa04ac973328058adc4e00717426adb
results/original_analysis/15_exploratory_sensitivity_interval_1_to_3_years/low_high_absolute_gaps.csv,1788,d40844e8e0b0bf1529fa602b07b6ca94281b8e68c2f2e7d865870fbbfe625221
results/original_analysis/15_exploratory_sensitivity_interval_1_to_3_years/model_coefficients_model_based.csv,60473,c0e9bd43ad70659e479905a065c64f3671ba7aec12d63c6da43a9cc9769636f3
results/original_analysis/15_exploratory_sensitivity_interval_1_to_3_years/model_convergence_qc.csv,6200,d92c4e0b1fd8ba995126b2c6939a27d67bef584bd3f8db64a0b2ee302d2e61fb
results/original_analysis/15_exploratory_sensitivity_interval_1_to_3_years/module_point_promotion_screen.csv,494,df4cbc09acbe96c2f46b181f1d0038b2cfefc5acb2515bc41ae324a617e80117
results/original_analysis/15_exploratory_sensitivity_interval_1_to_3_years/recovery_phase_model_contrasts.csv,1919,b06a8407122270ecd6e6528779255dd06d1faaca7a8188b651a4397d8d2136d9
results/original_analysis/15_exploratory_sensitivity_interval_1_to_3_years/recovery_phase_model_qc.csv,1010,b424c85e4d7f3acfaca9e9eed464e52686035fd900c786c168b0d53d21f8d282
results/original_analysis/15_exploratory_sensitivity_interval_1_to_3_years/recovery_phase_standardized_rate_ratios.csv,2565,212f5fa514561d5bab78555abb4f9e3d92294afbc186c645b7b55514d6c17f00
results/original_analysis/15_exploratory_sensitivity_interval_1_to_3_years/sex_difference_point_screen.csv,0,e3b0c44298fc1c149afbf4c8996fb92427ae41e4649b934ca495991b7852b855
results/original_analysis/15_exploratory_sensitivity_interval_1_to_3_years/shapley_decomposition_point.csv,7276,8ad6eb3ff8039e979bf510e26e4771177db50227eb692734dfe08f8b270a6882
results/original_analysis/15_exploratory_sensitivity_interval_1_to_3_years/standardized_annual_hazards.csv,328403,3c4c249513fd8d6de0211a8653dacbeda659344cbe9dd1363e58d5ee8f459524
results/original_analysis/15_exploratory_sensitivity_unweighted/life_expectancy_point_estimates.csv,1635,6e3b1af6a946ef26b465bea33935b2d582f3e902ea3ae42fa6e4671bf5650e45
results/original_analysis/15_exploratory_sensitivity_unweighted/low_education_wealth_compensation_point_screen.csv,548,7f8ad26383756905a70cf42f55ef3f2bf3852ea6f057a8641e8cc52469530696
results/original_analysis/15_exploratory_sensitivity_unweighted/low_high_absolute_gaps.csv,1759,c561d95615a63491ec8ead5db49f125400dc28496fe68771cc3b62288e517967
results/original_analysis/15_exploratory_sensitivity_unweighted/model_coefficients_model_based.csv,60644,b9aa0104a5c98a0dd3c87623b50db6ebca6999b89ce96b22e52e4095fdb29694
results/original_analysis/15_exploratory_sensitivity_unweighted/model_convergence_qc.csv,5433,b13e7bcd2ee63834097f5007811db6a85512677d0ac9a6937a0337dfb764966a
results/original_analysis/15_exploratory_sensitivity_unweighted/module_point_promotion_screen.csv,493,2e2b5c635a4c6c33b3b11e9ca20ad9d2c6836bd3f4261510450a2fcfe6fa1f8c
results/original_analysis/15_exploratory_sensitivity_unweighted/recovery_phase_model_contrasts.csv,1917,a6e86c826c11a0cd7e9ece7271f9cf1231f8f8035b8021f982c3c6606bc3cbb0
results/original_analysis/15_exploratory_sensitivity_unweighted/recovery_phase_model_qc.csv,1019,c57b7579643a54d173d2d2e0d3254ad53f30888f8111ef2c74ead329724eab2a
results/original_analysis/15_exploratory_sensitivity_unweighted/recovery_phase_standardized_rate_ratios.csv,2558,e9dca51cacc159f3292bb7fc9af8fa1b71fa158413f993fcbea3271c22a46bb6
results/original_analysis/15_exploratory_sensitivity_unweighted/sex_difference_point_screen.csv,0,e3b0c44298fc1c149afbf4c8996fb92427ae41e4649b934ca495991b7852b855
results/original_analysis/15_exploratory_sensitivity_unweighted/shapley_decomposition_point.csv,7297,1fec87bcd339136dafb33f47f7a11d3dc745c2164286060c652ad73b47d59020
results/original_analysis/15_exploratory_sensitivity_unweighted/standardized_annual_hazards.csv,328755,216ee0063f8102c79a936c5823970f193f56f346dc70bc74a31d15b1520e3e7e
results/original_analysis/16_exploratory_sensitivity_summary/exploratory_sensitivity_decision.csv,223,84d81202de84c6ff401d20890fbb87d71d2f60780a3da7a98a8ae698214f0a2c
results/original_analysis/16_exploratory_sensitivity_summary/exploratory_sensitivity_model_qc.csv,944,557394b209c646024f3c2947da84ed08684fc81b19ee8bb39dd03675996475bb
results/original_analysis/16_exploratory_sensitivity_summary/low_education_wealth_sensitivity_point_estimates.csv,3117,9a514379aa2216a400847a2e02f531a1ce608c39cd30a616b808ad0817dce74a
results/original_analysis/16_exploratory_sensitivity_summary/low_education_wealth_sensitivity_robustness.csv,546,bdb9d7e5017e55708962190cbe888536e33df43851738faa0cea561e3690c673
results/original_analysis/16_exploratory_sensitivity_summary/recovery_phase_sensitivity_point_estimates.csv,9677,31ca1c6995ba58e069348744650e6ab07f12199bd5d5b2a79e7d52332429c059
results/original_analysis/16_exploratory_sensitivity_summary/recovery_phase_sensitivity_robustness.csv,708,d0810f778ef74d79b8f2d6d1125b1d8c9edcf48c0db8b0e4550f5a85fff67aff
results/original_analysis/17_exploratory_submission_tables_final/Table1_caption.md,809,fa429f27447b862ee3680a1117397ebce50e04d2078b8915ce675654912db3cc
results/original_analysis/17_exploratory_submission_tables_final/Table1_cohort_overview_and_transition_support.csv,2530,fd8f76f561f35a952d040ffb410c17e90cb938fd41f7ca68f0d061cf24cf8bc7
results/original_analysis/17_exploratory_submission_tables_final/Table1_cohort_overview_and_transition_support_long.csv,7662,1c8bbbf6589e2cd3be1b8cb01c1da603233d37a4b3d6551757c1c3951e596f60
results/original_analysis/17_exploratory_submission_tables_final/Table3_low_education_wealth_mechanism.csv,1186,a2140ef28c6113a18496ca71abbadfbab5dfa13c5ab9ea873d8380bf0b9a389b
results/original_analysis/17_exploratory_submission_tables_final/Table_2_integrated_primary_and_loweducation_results.csv,2357,e01b082b56ed300ae72cab4200323c8bf0ae31eca496de66146d6956133d47ad
results/original_analysis/17_exploratory_submission_tables_final/Table_3_low_education_wealth_decomposition.csv,1186,a2140ef28c6113a18496ca71abbadfbab5dfa13c5ab9ea873d8380bf0b9a389b
results/original_analysis/17_exploratory_submission_tables_final/Table_S_low_education_wealth_country_heterogeneity.csv,1070,92b5e541a715e3fb279738de89ee31284c686f54414342cac29f1af8617aa237
results/original_analysis/17_exploratory_submission_tables_final/Table_S_recovery_durability.csv,2070,9ded9e979669251b4ba9a61f9c19b47af71861e3b28dbc8ae6d9c6ac73c703b4
results/original_analysis/17_exploratory_submission_tables_final/Table_S_sex_heterogeneity.csv,973,05984853a4934157132ccaf4f18486d22e9b21bc9499cd2525b8ff785a6e549e
results/original_analysis/17_exploratory_submission_tables_final/Table_S_v2_binding_decision.csv,748,74ab50f7c9ea168af5b396dd8a46cb4020a6825d58bc1834b65f44f5ba651bbd
results/original_analysis/17_exploratory_submission_tables_final/Table_S_v2_bootstrap_validity.csv,2120,3281d75401568d9b60912fcbb970123af95e48d0d83bb4fd25793d5808437de5
results/original_analysis/17_exploratory_submission_tables_final/TableS10_low_education_sensitivity_robustness.csv,546,bdb9d7e5017e55708962190cbe888536e33df43851738faa0cea561e3690c673
results/original_analysis/17_exploratory_submission_tables_final/TableS8_low_education_shapley_blocks.csv,1515,1bc9ef29129a908e7470a903e993d795e20eac30fa7f074d1356814dd44d904d
results/original_analysis/17_exploratory_submission_tables_final/TableS9_recovery_phase_relapse_hr.csv,734,96e7efeaee5c1323d3d7028ed08577c10922c164499a48640e4094d8cbcd3bcd
results/revision_v1_1/04_lowedu_inference/bootstrap_inference_summary.md,1879,a5a5eac101d1c0bb66dbdda1d3bf81987c75b75f63a8acb2d2d8e6aba59196df
results/revision_v1_1/04_lowedu_inference/bootstrap_monte_carlo_stability.csv,6084,fe77a046e300ea9ace5efd939f277d71dfd16df1432194f870cfa9a008218320
results/revision_v1_1/04_lowedu_inference/bootstrap_percentile_ci_summary.csv,25400,3abaa5905886f577ad15de05ebc9256cdee52414bcda03e24e653650d498e3eb
results/revision_v1_1/04_lowedu_inference/bootstrap_replicate_qc.csv,326,ebc0d2a9bc0d4b9f79927c264c996f42ddd9574d53acf3fbf027d4e87392c8e8
results/revision_v1_1/04_lowedu_inference/cross_cohort_heterogeneity.csv,281,edc8c8e0ecc7c5b178d43e49a15c840fbc9c64c5c2e1f282d2eb2967c348abf7
results/revision_v1_1/04_lowedu_inference/cross_cohort_pairwise_contrasts.csv,1604,285b1cf55561049363d92f17dff775a2cf37cf86a102b5fbec2314db721042d5
results/revision_v1_1/04_lowedu_inference/population_percent_contributions.csv,2502,d7ee0447b161ab7affb162068160356b4a029a1fbfba5d11852f6aa7e97fa48e
results/revision_v1_1/04_lowedu_inference_adl_only/bootstrap_inference_summary.md,1882,d9f1226a1aa093ad1b87170fc912bb4dd720106f56e3afb8a3b20fab599500fe
results/revision_v1_1/04_lowedu_inference_adl_only/bootstrap_monte_carlo_stability.csv,6109,8e17a8ea73bd206f20740b678b744de2eb4a65de5620752f15fa0e2e905034b5
results/revision_v1_1/04_lowedu_inference_adl_only/bootstrap_percentile_ci_summary.csv,25514,c6dd8d1d6280c25029cb931ebd9216e7f9f6358780caee6f1236c87b32ca2db8
results/revision_v1_1/04_lowedu_inference_adl_only/bootstrap_replicate_qc.csv,374,9a7ca3b273506e0a9c36999918d14c5fe2de6a5766229f75266a6d745e804945
results/revision_v1_1/04_lowedu_inference_adl_only/cross_cohort_heterogeneity.csv,282,5107686fc9bdb77fab52dc831d88324b9f49c47811bc8a967562a6de06bf3f44
results/revision_v1_1/04_lowedu_inference_adl_only/cross_cohort_pairwise_contrasts.csv,1601,d934eeea7de42e86c1ed1043ab479bf3ae127206a527487f6c4e4ea6155c024a
results/revision_v1_1/04_lowedu_inference_adl_only/population_percent_contributions.csv,2507,dc70d273f188faf1d2f724fdcd42cbba2aa7e2d4df1f177249ce4959ac5f0451
results/revision_v1_1/04_lowedu_inference_at_least_two/bootstrap_inference_summary.md,2523,b5271a92247b2cd3c638f7c852ce693991ed13d36eed1bf0b6e59cf8a46f5a5b
results/revision_v1_1/04_lowedu_inference_at_least_two/bootstrap_monte_carlo_stability.csv,6109,440dc53b46e75ecd7f9f1567261344706abe53ccbd40c92e35487b9da80bfcfc
results/revision_v1_1/04_lowedu_inference_at_least_two/bootstrap_percentile_ci_summary.csv,25530,6582fde78aa0e4dd44fbf7ff9eba41df0139bd9421c9889b0b6e0e1609682a57
results/revision_v1_1/04_lowedu_inference_at_least_two/bootstrap_replicate_qc.csv,336,f985e14a44b7b90d0596a7c1bd138b5150a97322555e58b6a6dfc8278f3c846f
results/revision_v1_1/04_lowedu_inference_at_least_two/cross_cohort_heterogeneity.csv,279,92176a60098c488d3697beaa9f5bd8d1e5c6613d9460b837c31ae07fa2c9b568
results/revision_v1_1/04_lowedu_inference_at_least_two/cross_cohort_pairwise_contrasts.csv,1595,c572e022a1132e25d9ad03943e73f876072bb1b13281c6d12c266e6e15e27ffe
results/revision_v1_1/04_lowedu_inference_at_least_two/population_percent_contributions.csv,2849,0e76da608acf870567cd4ccdc505b2e52fa78e7b212eb90ad5f83faf4b6061e8
results/revision_v1_1/04_primary_education_inference/bootstrap_inference_summary.md,3395,a451c9a86e3bee95b1b2c918ba0cab58513d2d48d9f512c8e72187010efc1abb
results/revision_v1_1/04_primary_education_inference/bootstrap_monte_carlo_stability.csv,6055,70f915d0c543f63893407a0765a382aef2f326a5a4fe9d6be4cfb70222949c43
results/revision_v1_1/04_primary_education_inference/bootstrap_percentile_ci_summary.csv,25377,f2deea590b605e8ddf9f70b2c9fc7d6743cd63919d7fccf877a74ccac052944b
results/revision_v1_1/04_primary_education_inference/bootstrap_replicate_qc.csv,355,ecf31541b94db3b3ff2650d66804ddec9b16d02762de673d8161abaa3953a0ee
results/revision_v1_1/04_primary_education_inference/cross_cohort_heterogeneity.csv,261,2fb15403dc98c5c44f691a46fb43dd0f3e92f486af5e098759809ade1280da25
results/revision_v1_1/04_primary_education_inference/cross_cohort_pairwise_contrasts.csv,1586,8285f05f4f8d84eda44f774652848213d63f3c2a537b040813bb97b2dfdfd7ab
results/revision_v1_1/04_primary_education_inference/population_percent_contributions.csv,2832,6fe5217a831f2fcb6e335ad510f80c5cd3ee3a6704f7150261463f8e90428191
results/revision_v1_1/04_primary_wealth_inference/bootstrap_inference_summary.md,1866,bf1e53ef0873433e4685ba036d62ab5094d4fb3d436d024e83a40c0aeaf43035
results/revision_v1_1/04_primary_wealth_inference/bootstrap_monte_carlo_stability.csv,6093,582ecf980eea034156be0d6c66fd3b815fb17afaea050611c6873f82a7cc6ae5
results/revision_v1_1/04_primary_wealth_inference/bootstrap_percentile_ci_summary.csv,25419,4b9c191b6bd111c2d168a076cc37b4d949b16b98d51c7af64b9b2938cd1ac1a1
results/revision_v1_1/04_primary_wealth_inference/bootstrap_replicate_qc.csv,363,8b40f16bc9ead2cdf2aec92b9fced30048daed235b28a60ef2b512991906d10e
results/revision_v1_1/04_primary_wealth_inference/cross_cohort_heterogeneity.csv,282,39fbe12d8e5adf43ca65de40d68a44bdb0eea67947254d8a68fcb105ffa2c72e
results/revision_v1_1/04_primary_wealth_inference/cross_cohort_pairwise_contrasts.csv,1602,17d3968c79c576d9d5d83c54cf1884c6ff0fdeafca4a7a991da192a4c0c6d136
results/revision_v1_1/04_primary_wealth_inference/population_percent_contributions.csv,2834,bd893c9a17eb37aea769f7b3814ca772c0c0567d8164958d93d5a2150d45d0bf
results/revision_v1_1/04_threshold_support_adl_only/low_education_wealth_event_support.csv,193,767d367b76ea09b71210e59680763d2a19c14636688c12a875ccd29d135b423c
results/revision_v1_1/04_threshold_support_at_least_two/low_education_wealth_event_support.csv,192,373049c722c568a1285b214761a9f1d7f0bf00869faf35b5c7735682f9675194
results/revision_v1_1/05_confirmed_state_sensitivity/confirmed_state_cluster_robust_estimates.csv,2411,6c7b7cb3569d8de454f386da51c74203e71c45bc468d9032af202b2f6e8bfecf
results/revision_v1_1/05_confirmed_state_sensitivity/confirmed_state_event_support.csv,741,78cca43bb2910088806c39c4e977c3619efccdd0366cfd59cd915e8f2a44be5d
results/revision_v1_1/06_flow_missingness_support/baseline_characteristics_corrected_v1_1.csv,1206,20378f021b9b3bcbb1b460b0fb413fae76ab0af14708fe018b9a861d9ebd1880
results/revision_v1_1/06_flow_missingness_support/death_vs_non_death_loss_summary_v1_1.csv,370,61a14172029c0a39f93c3f783d7b6af0be6340f2ad915ad3ef08d15731a71e22
results/revision_v1_1/06_flow_missingness_support/functional_item_proxy_weight_missingness_v1_1.csv,3203,63f960263260382b41219898cfd1aff8c3c97328e85602623ff80514a1b8ad3b
results/revision_v1_1/06_flow_missingness_support/sample_flow_by_module_v1_1.csv,4360,4d8f10608ab740f0acfd8fbae44921b36cd87b8c8db39cfe8ff132905cd065ff
results/revision_v1_1/06_flow_missingness_support/ses_and_design_missingness_v1_1.csv,478,6a1623d375476872702a7be692188b48ac86ab5fd4a56e52b7d285d42d2c5309
results/revision_v1_1/06_flow_missingness_support/transition_event_support_all_primary_modules_v1_1.csv,6880,f96e324a5c67597a6b733f2ff932270dc92844115f4c6043cb69aa25b4057a7e
results/revision_v1_1/06_flow_missingness_support/vital_status_interval_audit_v1_1.csv,1329,ac429d007bb4c0ece61b66d5502a5984b8d2fa7accd2f05d4d69e3e1fc303e3f
results/revision_v1_1/07_continuous_time_panel_msm/age70_intensity_matrices_charls.csv,2535,027049dd39cc32d5cd0fece09002d108bf5caa4c28d4bf998282e0bd0e4a124d
results/revision_v1_1/07_continuous_time_panel_msm/age70_intensity_matrices_elsa.csv,2394,f68601525e3f2c728d5b85cb3d979d5caf52943b9507f4fbc362a0045a975ff4
results/revision_v1_1/07_continuous_time_panel_msm/age70_intensity_matrices_hrs.csv,2389,6446f90263e061169237af854506ca999ae6910e74cce2941b9f6ffd49ecdc18
results/revision_v1_1/07_continuous_time_panel_msm/age70_intensity_matrices_mhas.csv,2433,434783d493b2501d02314b9208bf6ee116a634076cc93a60dfce8cc1a3b22afe
results/revision_v1_1/07_continuous_time_panel_msm/endpoint_count_calibration_charls.csv,2807,0d9c86f19ed33b6ef4252a7a4a05301aedff6172cc1ea208106dfbd42f4e0e48
results/revision_v1_1/07_continuous_time_panel_msm/endpoint_count_calibration_elsa.csv,2741,ac0f6a4e08b94735f9ddca8f712277d38d69abc8fd6894f85f11b7874151a3eb
results/revision_v1_1/07_continuous_time_panel_msm/endpoint_count_calibration_hrs.csv,2711,d81bd48a8a1528df403a45761a0114be3a1b9efabd0629903e6c01ab20d2464c
results/revision_v1_1/07_continuous_time_panel_msm/endpoint_count_calibration_mhas.csv,2724,a59ae996c75f9d3df1288d31b477c09870f3231a80bc74ec13cd10c6de02ae8d
results/revision_v1_1/07_continuous_time_panel_msm/model_qc_charls.csv,472,ba408f620b58519756199f923ce24ca1aa09b27a5384b9d9ef7c65bdad467568
results/revision_v1_1/07_continuous_time_panel_msm/model_qc_elsa.csv,471,de789a80198f3e7811e70bc8007a573be4bf2d6cd66145a04e79e4ee0b8183e4
results/revision_v1_1/07_continuous_time_panel_msm/model_qc_hrs.csv,471,c7b84413768c35df0072020a4b234426cf079d09b22dfe0dbb8e885a6d1f87e8
results/revision_v1_1/07_continuous_time_panel_msm/model_qc_mhas.csv,471,8413066248cfd1007334340cf85e4b573c1fc5b056dfdad35142dfdcc4e76b17
results/revision_v1_1/07_continuous_time_panel_msm/panel_flow_charls.csv,219,5220fdc84e7ba3f5faf5e129004ba3b203182fdd2a161bc9dda14ed93c298cee
results/revision_v1_1/07_continuous_time_panel_msm/panel_flow_elsa.csv,216,9af82ca780cb20cf5c9ada26b49772e136a4c459b7ea631695c8fdbcff07ad6a
results/revision_v1_1/07_continuous_time_panel_msm/panel_flow_hrs.csv,217,3776ca7f4a0b709b3dac796e2e399541d8866b1bf5be12bc3fd7ec3204314cb2
results/revision_v1_1/07_continuous_time_panel_msm/panel_flow_mhas.csv,219,9e2930bc2977377f4ecdce7bff05765079c142b80e38d1507fc7cd28d4c5a36b
results/revision_v1_1/07_continuous_time_panel_msm/process_intensity_ratios_charls.csv,826,7f258d2dc924ff3729b7c3aa4d83e64351dd17bbc4b8ddb6018a6485d2d6f52f
results/revision_v1_1/07_continuous_time_panel_msm/process_intensity_ratios_elsa.csv,816,e6eff9d396d1bb5e12f3858d1ead5bb525fec3f0ed10a0e8edb551cf0b991583
results/revision_v1_1/07_continuous_time_panel_msm/process_intensity_ratios_hrs.csv,814,5ec1445b95341d228d9d44f7cf3eb26cc79c10b6f46231a9c905ae2ba3c2ab3c
results/revision_v1_1/07_continuous_time_panel_msm/process_intensity_ratios_mhas.csv,819,63d788d99b055a4a1e5f6f5a3de8b103b5db0c437a003741dbca6285acea142b
results/revision_v1_1/07_continuous_time_panel_msm/transition_intensity_ratios_charls.csv,1485,b1d4902a557dabfb322ff140d7ed2fa97dcae948d5f7748c46538480bfb8e855
results/revision_v1_1/07_continuous_time_panel_msm/transition_intensity_ratios_elsa.csv,1468,263372a33fd39054bed6e277d3f857d5ce4d0296551da66657ee9247bfe79b57
results/revision_v1_1/07_continuous_time_panel_msm/transition_intensity_ratios_hrs.csv,1468,da223f19849b40efe0f4bb4fb9ddd811c4ff7dedad8bad9bcee4999597cbe04c
results/revision_v1_1/07_continuous_time_panel_msm/transition_intensity_ratios_mhas.csv,1475,2807764a903282a44042613b9f4e0f101e5ce2843e535cf3c4ba785904b6d452
results/revision_v1_1/08_enriched_covariate_sensitivity/covariate_missingness_charls.csv,675,7545497899597f39b6c6ad1a4426f804407000d4ea725a963fd7a52f79a5fdca
results/revision_v1_1/08_enriched_covariate_sensitivity/covariate_missingness_elsa.csv,666,b44dade0deecfe7156aa381ee0b5dbf68147c8da61fa9afd0442580fc1b86ebf
results/revision_v1_1/08_enriched_covariate_sensitivity/covariate_missingness_hrs.csv,716,7432b5254bcdbdbcd5d46245663377b2ff923423c49e24209456ad99c244fe3e
results/revision_v1_1/08_enriched_covariate_sensitivity/covariate_missingness_mhas.csv,683,7168eb61c9adcd645af36136c94e05495b4d1c06f1e34fe7852ba848e07fe2b3
results/revision_v1_1/08_enriched_covariate_sensitivity/covariate_schema_audit_charls.csv,238,4cddea41332053dec397866d12d9cf6dd99ba2b192ec154ddd3f14dceac12315
results/revision_v1_1/08_enriched_covariate_sensitivity/covariate_schema_audit_elsa.csv,245,1a0cc0a869e136c8673e65c52e5d79449c00fd234462d6d3ca2b78becaa9a6d0
results/revision_v1_1/08_enriched_covariate_sensitivity/covariate_schema_audit_hrs.csv,231,5b0f8ec19de549a6710d7c74c497df2badb5c7d9bb28ba486450f097bbf5bbba
results/revision_v1_1/08_enriched_covariate_sensitivity/covariate_schema_audit_mhas.csv,166,65784f42de8e16f7364ea0268c8fa1181347a5fc46c2437b46f53b732e3a7607
results/revision_v1_1/08_enriched_covariate_sensitivity/enriched_transition_results_charls.csv,2204,1b08a378dadc0a96797377e3ac72f16c8ec739a652734b4dde7f6782adf27601
results/revision_v1_1/08_enriched_covariate_sensitivity/enriched_transition_results_elsa.csv,2161,1ed548f8ec7ffaa47189871cd5e15353e796766a1e80b2bbce35619212d0fa5e
results/revision_v1_1/08_enriched_covariate_sensitivity/enriched_transition_results_hrs.csv,2178,87f9a9e6379c00e3cf236877378a1b59ae8bbf2a782486b84ac8ba40d36a5bd7
results/revision_v1_1/08_enriched_covariate_sensitivity/enriched_transition_results_mhas.csv,4524,ebb2f66d1bbcb1f5cb65081bff9f6bb5c03a3e1d0d8fab931129cc016b52e0f5
results/revision_v1_1/08_enriched_covariate_sensitivity/enriched_transition_support_charls.csv,630,970d09036c30bcf7ef3977d5c1aec370485e98cc54f1e0c56315dea9adc73ff7
results/revision_v1_1/08_enriched_covariate_sensitivity/enriched_transition_support_elsa.csv,573,b36f31bf7f0c824cc336c744f53643de5de4472488c09a32d882f57ad2d6efbf
results/revision_v1_1/08_enriched_covariate_sensitivity/enriched_transition_support_hrs.csv,583,0fbb317a82a1748ae2d4b4539fe333d4d7ddedaf58a4c6ab5f0d875a37225739
results/revision_v1_1/08_enriched_covariate_sensitivity/enriched_transition_support_mhas.csv,601,cda441a4aee6294969ca095e12ff852a36c0a8d403bfd545db0beea831619655
results/revision_v1_1/09_nondeath_observation_ipcw/ipcw_transition_results_charls.csv,1174,56b50be9626e08da3e73d05a5e8ea348f5da8c360425992c9668e061f2402ee7
results/revision_v1_1/09_nondeath_observation_ipcw/ipcw_transition_results_elsa.csv,1156,c89ddd62fa88ac3045d9d8b04c3d85ec11f7f819cfd7eaff7c4551bdfcb8942d
results/revision_v1_1/09_nondeath_observation_ipcw/ipcw_transition_results_hrs.csv,1161,0ab70fbaf2e3c1f46f2fd845949fecb68190ae1ccfd2cddad81dd85637210540
results/revision_v1_1/09_nondeath_observation_ipcw/ipcw_transition_results_mhas.csv,1152,d26fd08525f5b96b0ad288ffca1a27d7e99c0bc21092322edb6d813da84333d3
results/revision_v1_1/09_nondeath_observation_ipcw/observation_model_qc_charls.csv,308,4d4fc5e706a73ee6f85c46611afc5aeeccd671fe5dbec7bab92e8e37a16d4c92
results/revision_v1_1/09_nondeath_observation_ipcw/observation_model_qc_elsa.csv,306,c4a7e596d05e5028d052930b3be44759bed59d0bfa7164805d93678819875ea9
results/revision_v1_1/09_nondeath_observation_ipcw/observation_model_qc_hrs.csv,305,1a0f979ee1c1d579818fbf54cffa370f90b550bc671ca9d5ecb22fdc985e9d72
results/revision_v1_1/09_nondeath_observation_ipcw/observation_model_qc_mhas.csv,307,1509296da3aaa6aa6aae5973c8f1f4002deacc22ba925b0aca5527533399a8a4
results/revision_v1_1/09_nondeath_observation_ipcw/retention_interval_summary_charls.csv,693,2d69499221a1d5389b98223fe2701895973587ecd028f4c8c729bca4c912f2cc
results/revision_v1_1/09_nondeath_observation_ipcw/retention_interval_summary_elsa.csv,718,bb7ed37d0450202e39e91ce70d2eed75c0ba98d6b5ff5fd53d119502bd4d7063
results/revision_v1_1/09_nondeath_observation_ipcw/retention_interval_summary_hrs.csv,598,cc56a1c2a704357e122e2d31899eddc372b48bbb3d980e8b73b908fec65db066
results/revision_v1_1/09_nondeath_observation_ipcw/retention_interval_summary_mhas.csv,711,d4045471c43b310d6d17c1cdaf714f06320fa1d4cdf569d02036f15ce5edf09f
results/revision_v1_1/10_internal_survival_calibration/calibration_contract.csv,446,e02cc41a7bafe5d1027788c8c5070aacf7016f9209d35eed89c9ed9ed7366409
results/revision_v1_1/10_internal_survival_calibration/model_vs_weighted_km_tle_calibration.csv,2137,f1f61633c6d4cdaa4e1bdb5a2e0f76dc5ec5076935c351cd591a683dcf71e769
results/revision_v1_1/11_focused_baseline_support/focused_loweducation_wealth_baseline_characteristics.csv,1115,218d873a6c478b0a0df06e41189f0d13a8c75f624e27ea1792da0dde758bb1ce
results/revision_v1_1/11_focused_baseline_support/focused_loweducation_wealth_flow.csv,879,91b73a33d2a5ca0ce311ffd8fd688e46fe73c208711ca50e94c00dc9bf4e7b0f
results/revision_v1_1/11_focused_baseline_support/focused_loweducation_wealth_transition_support.csv,2852,974406676f6b50bd2e454322b0f2a7be79cca11d330904f9ed13e6331190459c
results/revision_v1_1/11_focused_baseline_support/primary_education_wealth_distribution.csv,1903,eec547365e4fe2e15f00ce67bde6c7735bb4f101b51ff4822d38aa5c5a135bce
results/revision_v1_1/13_data_dictionary/allowed_transition_and_model_blocks.csv,614,73e342c460f7ec6804a3c9f6e1207a9aa233a3723a04b2ab1a57da4985c62b09
results/revision_v1_1/13_data_dictionary/functional_construct_definitions.csv,641,e528f5f466f9466e647921db0930ce903b8c2aa0a2377587d806253a75c16a8d
results/revision_v1_1/13_data_dictionary/functional_item_mapping_by_cohort_wave.csv,104583,e7e88437c8b5fd6f88f8eca5da5e1c73ef0233f856d3805ebb8f4c9b694c486f
results/revision_v1_1/13_data_dictionary/history_state_dictionary.csv,1005,3a4ae8ba8f453f7758bc2268d19dad811682a9b67daa7ba033faa39100bda436
results/revision_v1_1/14_stratified_psu_inference/household_vs_stratified_psu_ci_comparison.csv,14836,3e6553da762a8b9258d199084bd23c0fdc62bbbb9ec7fa5403916de5f01bbb33
results/revision_v1_1/14_stratified_psu_inference/stratified_psu_bootstrap_qc.csv,127,7d04fd64da499b211fb2504918a2cbeb9cbae19f6493308e5a8fc310f7c2df62
results/revision_v1_1/14_stratified_psu_inference/stratified_psu_monte_carlo_stability.csv,2362,5076bad7bf33a4a6382bacb59196d7b7ef429055399c2b6ee03d6faf83338044
results/revision_v1_1/14_stratified_psu_inference/stratified_psu_percentile_ci.csv,6793,1e681b6eea95a2712b6cd0606257ec7070d799d5d525c3be0699b0ddaee06277
results/revision_v1_1/15_consolidated_evidence/available_household_bootstrap_inference_long.csv,139173,5e27db0b49e09fad90606e3126738fee917c9408f0ba4824bda03fb371b94263
results/revision_v1_1/15_consolidated_evidence/confirmed_state_transition_ratios.csv,2411,6c7b7cb3569d8de454f386da51c74203e71c45bc468d9032af202b2f6e8bfecf
results/revision_v1_1/15_consolidated_evidence/consolidated_revision_evidence_snapshot.md,6731,43d36d0fdd02eb5c2bdc270e6cb40d956856b3b2a89bc238ac256cc6b621671f
results/revision_v1_1/15_consolidated_evidence/continuous_time_process_intensity_ratios.csv,3092,a9f83c5f971f954ed8d6d14ddfcf5e3b853cf099218e9d92ea64401fc0bce32f
results/revision_v1_1/15_consolidated_evidence/enriched_covariate_transition_ratios.csv,10674,a399bda7445b8cbebfaa21253edf544541280638b7d2e1dcfdc9a09441a5aa18
results/revision_v1_1/15_consolidated_evidence/focused_point_sensitivity_matrix.csv,20295,7247da50202da3dc199ef70c1e3481f9405d1a0488f69e0547bed3df0e12479e
results/revision_v1_1/15_consolidated_evidence/manuscript_evidence_file_ledger.csv,2578,0c9cbd8487f07823a9237112af3aebdc6d7ecfa9cf3f5b493014236a1911d938
results/revision_v1_1/15_consolidated_evidence/nondeath_ipcw_transition_ratios.csv,4280,e02bb144ff0ab980e1ccdb732098448033d0bfbd613342a8c6cae1be985134da
results/revision_v1_1/15_consolidated_evidence/primary_absolute_levels_long.csv,12332,51ceed39d58c2df75f76998d6817882254b2d1826643dea3904e470248edaa77
results/revision_v1_1/15_consolidated_evidence/primary_education_wealth_point_summary.csv,1215,355bd1357c9e273142222825c0792a373ef30c974b7cd111ad728bd3c1f40a52
results/revision_v1_1/15_consolidated_evidence/primary_six_block_decomposition_long.csv,5941,c2213c1993ce76ed14b63d7455aebe5e3d6a6e7c16c96d9990409bdefaa88119
tables/source_data/Table1_numeric_source.csv,1832,3a3fefa7598500d6999b459689d121524ad10ac4d93c71c575706337b5493b55
tables/source_data/Table2_numeric_source.csv,1255,8f9c237d368ac903ccbf8b5620bd0989442fccc6604c4d482e1261721cd69cff
tables/source_data/Table3A_numeric_source.csv,6241,6294cea6d237d0c2a41779d3a56236e956e76c54079f3bfedbd627352705d3af
tables/source_data/Table3B_numeric_source.csv,6810,14faa579b905f45ea913f72ecfcde518ef4fd2df7fb8963cf4c94fffd119c0f7
tables/supplementary/TableS01_threshold_sensitivity_household_bootstrap.csv,3524,4a657bdb2cc9813f65df49af7fbd0745f66be98504f80a13fdf232368a98c852
tables/supplementary/TableS02_confirmed_state.csv,2411,6c7b7cb3569d8de454f386da51c74203e71c45bc468d9032af202b2f6e8bfecf
tables/supplementary/TableS03_continuous_time.csv,3092,a9f83c5f971f954ed8d6d14ddfcf5e3b853cf099218e9d92ea64401fc0bce32f
tables/supplementary/TableS04_enriched_covariates.csv,10794,6c3fbba61ea3211f4177c1acd4569beb1984f206203771dcee6c6a8efc8ca0fb
tables/supplementary/TableS05_nondeath_ipcw.csv,4280,e02bb144ff0ab980e1ccdb732098448033d0bfbd613342a8c6cae1be985134da
tables/supplementary/TableS06_point_sensitivities.csv,20295,7247da50202da3dc199ef70c1e3481f9405d1a0488f69e0547bed3df0e12479e
tables/supplementary/TableS07_flow.csv,4360,4d8f10608ab740f0acfd8fbae44921b36cd87b8c8db39cfe8ff132905cd065ff
tables/supplementary/TableS08_missingness.csv,3203,63f960263260382b41219898cfd1aff8c3c97328e85602623ff80514a1b8ad3b
tables/supplementary/TableS09_wealth_timing.csv,603,de4fb2f36b82f72cd636172cc8a23c4110d19844e3dbbb6952e537205009f6b3
tables/supplementary/TableS10_interval_distribution.csv,1223,081d8a87f911f36b5212160a300122d27548e5d756b97dc18d1a567ff3cd768a
tables/supplementary/TableS11_focused_baseline.csv,1115,218d873a6c478b0a0df06e41189f0d13a8c75f624e27ea1792da0dde758bb1ce
tables/supplementary/TableS12_focused_support.csv,2852,974406676f6b50bd2e454322b0f2a7be79cca11d330904f9ed13e6331190459c
tables/supplementary/TableS13_internal_calibration.csv,2137,f1f61633c6d4cdaa4e1bdb5a2e0f76dc5ec5076935c351cd591a683dcf71e769
tables/supplementary/TableS14_item_mapping.csv,104583,e7e88437c8b5fd6f88f8eca5da5e1c73ef0233f856d3805ebb8f4c9b694c486f
tables/supplementary/TableS15_state_dictionary.csv,1005,3a4ae8ba8f453f7758bc2268d19dad811682a9b67daa7ba033faa39100bda436
tables/supplementary/TableS16_cross_cohort_heterogeneity.csv,1246,e0d908ac48e828f5dccead7730c0ca7d7a45472166e32be98b72671addd03b12
tables/supplementary/TableS17_all_pairwise_independent_cohort_contrasts.csv,8639,b9a138091193e64f4943ebeb2f7e6bd00a08c69575087e0a11da8210fa8b2918
tables/supplementary/TableS18_bootstrap_monte_carlo_stability.csv,32873,e381eb48e90fcc1c51c44932b25e852a25e2f6b707157c1fa0ccf38aa69e16a8
tables/supplementary/TableS19_bootstrap_replicate_qc.csv,1649,91225ec3bd59f39f22fbd01586059cc78caedb4cd1261bd4d4db4cac6828b035
tables/supplementary/TableS20_primary_six_block_decomposition.csv,8450,b1e137a6ff2882fae33f6281e3b3de95373afda2411a9bf41e97545a6f8c39d4
tables/supplementary/TableS21_household_vs_stratified_psu_inference.csv,14836,3e6553da762a8b9258d199084bd23c0fdc62bbbb9ec7fa5403916de5f01bbb33
tables/Table1_cohort_flow_and_support.csv,804,200116a73b6f92e847a2f6cdb718151c355f155a0f7d06de2a40d01aa7dfc891
tables/Table2_primary_education_wealth_results.csv,647,0844178742afc7ad5c096494799a83f6e666d1db83c995d2a7a20e2e4d53189a
tables/Table3A_focused_absolute_levels.csv,2692,5415e8f456071528295b34c2cccd078754afcb974ea5d23e7a32a1a0e7ba5e3c
tables/Table3B_focused_six_block_decomposition.csv,1577,998960ececbf124180783e2052fb7cd4e466a2753cfdab7ef0cc23dc2115bb26
tables/TABLE_TITLES_AND_NOTES.md,1451,0343f0a3cabd0fa70e99a101fc31ac30c16e38cb26d74b99e5b44bf220d93218
