threshold,cohort,wave,wave_rows,observed_threshold_states,missing_threshold_states,difficulty_states,independent_states
adl_only,CHARLS,1,25586,17342,366,2659,14683
adl_only,CHARLS,2,25586,18210,402,2934,15276
adl_only,CHARLS,3,25586,20157,940,3705,16452
adl_only,CHARLS,4,25586,19454,362,3420,16034
adl_only,CHARLS,5,25882,19348,47,4174,15174
adl_only,ELSA,1,21679,11908,191,2365,9543
adl_only,ELSA,2,21679,9429,3,1905,7524
adl_only,ELSA,3,21679,9762,4,1819,7943
adl_only,ELSA,4,21679,11041,9,2030,9011
adl_only,ELSA,5,21679,10266,8,1872,8394
adl_only,ELSA,6,21679,10596,5,1874,8722
adl_only,ELSA,7,21679,9664,2,1637,8027
adl_only,ELSA,8,21679,8443,2,1472,6971
adl_only,ELSA,9,21679,8731,5,1477,7254
adl_only,ELSA,10,21679,7587,2,1333,6254
adl_only,ELSA,11,23254,7836,6,1337,6499
adl_only,HRS,2,45234,8189,11453,1222,6967
adl_only,HRS,3,45234,17924,67,3006,14918
adl_only,HRS,4,45234,21309,75,3520,17789
adl_only,HRS,5,45234,19507,71,3317,16190
adl_only,HRS,6,45234,18092,73,3090,15002
adl_only,HRS,7,45234,20048,81,3193,16855
adl_only,HRS,8,45234,18389,80,3279,15110
adl_only,HRS,9,45234,17145,72,3011,14134
adl_only,HRS,10,45234,21820,214,3915,17905
adl_only,HRS,11,45234,20447,107,3610,16837
adl_only,HRS,12,45234,18646,101,3510,15136
adl_only,HRS,13,45234,20804,108,3682,17122
adl_only,HRS,14,45234,17064,82,3028,14036
adl_only,HRS,15,45234,15568,155,2699,12869
adl_only,HRS,16,45234,15702,154,2798,12904
adl_only,MHAS,1,27159,13853,1333,1333,12520
adl_only,MHAS,2,27159,12470,1234,1130,11340
adl_only,MHAS,3,27159,14364,1359,2164,12200
adl_only,MHAS,4,27159,13772,1007,2296,11476
adl_only,MHAS,5,27159,15728,1386,2258,13470
adl_only,MHAS,6,27159,15678,61,2884,12794
at_least_two,CHARLS,1,25586,17257,451,2527,14730
at_least_two,CHARLS,2,25586,17933,679,2431,15502
at_least_two,CHARLS,3,25586,19872,1225,2915,16957
at_least_two,CHARLS,4,25586,19454,362,3121,16333
at_least_two,CHARLS,5,25882,19347,48,3128,16219
at_least_two,ELSA,1,21679,11908,191,1532,10376
at_least_two,ELSA,2,21679,9429,3,1227,8202
at_least_two,ELSA,3,21679,9762,4,1222,8540
at_least_two,ELSA,4,21679,11041,9,1338,9703
at_least_two,ELSA,5,21679,10266,8,1268,8998
at_least_two,ELSA,6,21679,10596,5,1275,9321
at_least_two,ELSA,7,21679,9664,2,1139,8525
at_least_two,ELSA,8,21679,8443,2,1032,7411
at_least_two,ELSA,9,21679,8731,5,1041,7690
at_least_two,ELSA,10,21679,7587,2,918,6669
at_least_two,ELSA,11,23254,7836,6,973,6863
at_least_two,HRS,2,45234,6940,12702,1072,5868
at_least_two,HRS,3,45234,15218,2773,2004,13214
at_least_two,HRS,4,45234,19412,1972,2376,17036
at_least_two,HRS,5,45234,17643,1935,2181,15462
at_least_two,HRS,6,45234,16393,1772,2075,14318
at_least_two,HRS,7,45234,18128,2001,2135,15993
at_least_two,HRS,8,45234,16762,1707,2218,14544
at_least_two,HRS,9,45234,15677,1540,2045,13632
at_least_two,HRS,10,45234,20562,1472,2906,17656
at_least_two,HRS,11,45234,19394,1160,2642,16752
at_least_two,HRS,12,45234,17721,1026,2624,15097
at_least_two,HRS,13,45234,19882,1030,2720,17162
at_least_two,HRS,14,45234,16344,802,2253,14091
at_least_two,HRS,15,45234,14968,755,1950,13018
at_least_two,HRS,16,45234,15132,724,2125,13007
at_least_two,MHAS,1,27159,12964,2222,836,12128
at_least_two,MHAS,2,27159,11753,1951,768,10985
at_least_two,MHAS,3,27159,13441,2282,1259,12182
at_least_two,MHAS,4,27159,12894,1885,1464,11430
at_least_two,MHAS,5,27159,15156,1958,1346,13810
at_least_two,MHAS,6,27159,13801,1938,1837,11964
permissive_partial,CHARLS,1,25586,17330,378,4499,12831
permissive_partial,CHARLS,2,25586,18113,499,4619,13494
permissive_partial,CHARLS,3,25586,20078,1019,5480,14598
permissive_partial,CHARLS,4,25586,19461,355,5260,14201
permissive_partial,CHARLS,5,25882,19348,47,5449,13899
permissive_partial,ELSA,1,21679,11908,191,2708,9200
permissive_partial,ELSA,2,21679,9429,3,2220,7209
permissive_partial,ELSA,3,21679,9762,4,2110,7652
permissive_partial,ELSA,4,21679,11041,9,2352,8689
permissive_partial,ELSA,5,21679,10266,8,2216,8050
permissive_partial,ELSA,6,21679,10596,5,2220,8376
permissive_partial,ELSA,7,21679,9664,2,1912,7752
permissive_partial,ELSA,8,21679,8443,2,1751,6692
permissive_partial,ELSA,9,21679,8731,5,1724,7007
permissive_partial,ELSA,10,21679,7587,2,1539,6048
permissive_partial,ELSA,11,23254,7836,6,1553,6283
permissive_partial,HRS,2,45234,8728,10914,3495,5233
permissive_partial,HRS,3,45234,15881,2110,3989,11892
permissive_partial,HRS,4,45234,20093,1291,4594,15499
permissive_partial,HRS,5,45234,18288,1290,4281,14007
permissive_partial,HRS,6,45234,17027,1138,4102,12925
permissive_partial,HRS,7,45234,18860,1269,4340,14520
permissive_partial,HRS,8,45234,17404,1065,4320,13084
permissive_partial,HRS,9,45234,16296,921,4038,12258
permissive_partial,HRS,10,45234,21103,931,5298,15805
permissive_partial,HRS,11,45234,19891,663,4875,15016
permissive_partial,HRS,12,45234,18167,580,4738,13429
permissive_partial,HRS,13,45234,20335,577,5008,15327
permissive_partial,HRS,14,45234,16668,478,4067,12601
permissive_partial,HRS,15,45234,15272,451,3600,11672
permissive_partial,HRS,16,45234,15412,444,3784,11628
permissive_partial,MHAS,1,27159,13384,1802,1995,11389
permissive_partial,MHAS,2,27159,12102,1602,1792,10310
permissive_partial,MHAS,3,27159,14104,1619,3150,10954
permissive_partial,MHAS,4,27159,13562,1217,3376,10186
permissive_partial,MHAS,5,27159,15813,1301,3205,12608
permissive_partial,MHAS,6,27159,14262,1477,3576,10686
