cohort,origin_wave,destination_wave,origin_year,transition,events,persons
CHARLS,3,4,2015,I0->I0,3187,3187
CHARLS,4,5,2018,I0->D1,647,647
CHARLS,2,3,2013,I0->I0,3081,3081
CHARLS,4,5,2018,I0->I0,3543,3543
CHARLS,2,3,2013,I0->D1,793,793
CHARLS,3,4,2015,D1->D1,1583,1583
CHARLS,4,5,2018,D1->D1,1656,1656
CHARLS,1,2,2011,I0->I0,2972,2972
CHARLS,3,4,2015,D1->R1,800,800
CHARLS,4,5,2018,R1->D2,766,766
CHARLS,1,2,2011,D1->R1,841,841
CHARLS,2,3,2013,R1->R1,515,515
CHARLS,3,4,2015,R1->D2,535,535
CHARLS,4,5,2018,D2->D2,508,508
CHARLS,3,,2015,D1->DEAD,396,396
CHARLS,3,4,2015,R1->R1,869,869
CHARLS,4,5,2018,R1->R1,1320,1320
CHARLS,1,2,2011,I0->D1,918,918
CHARLS,2,3,2013,D1->D1,1471,1471
CHARLS,4,5,2018,D2->R1,300,300
CHARLS,2,3,2013,D1->R1,781,781
CHARLS,3,4,2015,I0->D1,717,717
CHARLS,4,5,2018,D1->R1,755,755
CHARLS,2,,2013,D1->DEAD,271,271
CHARLS,1,2,2011,D1->D1,1219,1219
CHARLS,4,,2018,D1->DEAD,289,289
CHARLS,1,3,2011,I0->I0,194,194
CHARLS,3,,2015,I0->DEAD,188,188
CHARLS,2,3,2013,R1->D2,387,387
CHARLS,3,4,2015,D2->R1,139,139
CHARLS,3,4,2015,D2->D2,251,251
CHARLS,1,,2011,D1->DEAD,156,156
CHARLS,2,,2013,R1->DEAD,30,30
CHARLS,3,,2015,R1->DEAD,90,90
CHARLS,1,,2011,I0->DEAD,109,109
CHARLS,2,,2013,I0->DEAD,119,119
CHARLS,4,,2018,R1->DEAD,62,62
CHARLS,1,3,2011,I0->D1,81,81
CHARLS,4,,2018,I0->DEAD,100,100
CHARLS,1,3,2011,D1->D1,113,113
CHARLS,3,,2015,D2->DEAD,34,34
CHARLS,4,,2018,D2->DEAD,54,54
CHARLS,1,3,2011,D1->R1,45,45
ELSA,4,5,2008,I0->I0,3698,3698
ELSA,5,6,2010,I0->I0,3861,3861
ELSA,6,7,2012,I0->I0,3815,3815
ELSA,7,8,2014,I0->I0,3656,3656
ELSA,8,9,2016,I0->I0,3548,3548
ELSA,3,4,2006,I0->I0,2727,2727
ELSA,9,10,2018,I0->I0,2410,2410
ELSA,10,11,2021,I0->I0,2700,2700
ELSA,4,5,2008,I0->D1,374,374
ELSA,5,6,2010,D1->R1,323,323
ELSA,6,7,2012,R1->D2,267,267
ELSA,7,8,2014,D2->R1,136,136
ELSA,8,9,2016,R1->R1,757,757
ELSA,9,10,2018,R1->D2,225,225
ELSA,7,8,2014,I0->D1,290,290
ELSA,8,9,2016,D1->R1,206,206
ELSA,9,10,2018,R1->R1,452,452
ELSA,10,11,2021,R1->R1,429,429
ELSA,5,7,2010,I0->I0,36,36
ELSA,1,2,2002,I0->D1,609,609
ELSA,1,2,2002,I0->I0,3394,3394
ELSA,2,,2004,I0->DEAD,153,153
ELSA,5,6,2010,D1->D1,797,797
ELSA,6,7,2012,D1->D1,644,644
ELSA,7,8,2014,D1->D1,545,545
ELSA,8,9,2016,D1->D1,459,459
ELSA,9,10,2018,D1->D1,241,241
ELSA,10,11,2021,D1->D1,331,331
ELSA,2,3,2004,D1->R1,397,397
ELSA,3,4,2006,R1->D2,199,199
ELSA,2,3,2004,D1->D1,922,922
ELSA,3,4,2006,D1->D1,783,783
ELSA,4,5,2008,D1->D1,849,849
ELSA,5,7,2010,D1->D1,18,18
ELSA,6,8,2012,D1->R1,2,2
ELSA,6,7,2012,R1->R1,709,709
ELSA,7,8,2014,R1->R1,768,768
ELSA,10,11,2021,D2->D2,248,248
ELSA,3,4,2006,R1->R1,345,345
ELSA,4,5,2008,R1->R1,467,467
ELSA,5,6,2010,R1->R1,633,633
ELSA,7,8,2014,R1->D2,289,289
ELSA,2,3,2004,I0->I0,2982,2982
ELSA,3,5,2006,I0->I0,50,50
ELSA,1,2,2002,D1->D1,988,988
ELSA,4,,2008,D1->DEAD,232,232
ELSA,5,6,2010,I0->D1,316,316
ELSA,7,8,2014,D1->R1,228,228
ELSA,8,9,2016,R1->D2,296,296
ELSA,6,7,2012,I0->D1,270,270
ELSA,3,4,2006,D1->R1,279,279
ELSA,4,5,2008,R1->D2,235,235
ELSA,5,6,2010,D2->R1,107,107
ELSA,9,10,2018,D2->D2,217,217
ELSA,6,7,2012,D1->R1,286,286
ELSA,9,10,2018,I0->D1,239,239
ELSA,10,11,2021,D1->R1,171,171
ELSA,6,8,2012,I0->I0,45,45
ELSA,2,4,2004,I0->I0,65,65
ELSA,7,9,2014,I0->I0,33,33
ELSA,5,,2010,I0->DEAD,55,55
ELSA,2,,2004,D1->DEAD,228,228
ELSA,4,6,2008,I0->I0,57,57
ELSA,10,11,2021,I0->D1,206,206
ELSA,3,,2006,I0->DEAD,127,127
ELSA,1,2,2002,D1->R1,410,410
ELSA,3,4,2006,I0->D1,317,317
ELSA,4,5,2008,D1->R1,359,359
ELSA,7,8,2014,D2->D2,309,309
ELSA,8,9,2016,D2->D2,352,352
ELSA,9,10,2018,D2->R1,80,80
ELSA,10,11,2021,R1->D2,149,149
ELSA,2,4,2004,D1->D1,28,28
ELSA,5,,2010,D1->DEAD,144,144
ELSA,3,,2006,D1->DEAD,197,197
ELSA,2,3,2004,I0->D1,332,332
ELSA,5,6,2010,R1->D2,268,268
ELSA,6,7,2012,D2->R1,153,153
ELSA,4,,2008,I0->DEAD,134,134
ELSA,1,,2002,D1->DEAD,287,287
ELSA,6,7,2012,D2->D2,277,277
ELSA,1,3,2002,D1->R1,7,7
ELSA,5,6,2010,D2->D2,252,252
ELSA,2,3,2004,R1->R1,208,208
ELSA,4,5,2008,D2->R1,70,70
ELSA,1,,2002,I0->DEAD,230,230
ELSA,4,,2008,R1->DEAD,42,42
ELSA,4,5,2008,D2->D2,174,174
ELSA,5,,2010,D2->DEAD,43,43
ELSA,8,,2016,R1->DEAD,6,6
ELSA,1,3,2002,I0->I0,39,39
ELSA,8,9,2016,D2->R1,142,142
ELSA,3,5,2006,R1->D2,7,7
ELSA,8,,2016,D1->DEAD,17,17
ELSA,2,,2004,R1->DEAD,35,35
ELSA,2,3,2004,R1->D2,160,160
ELSA,6,8,2012,R1->R1,10,10
ELSA,8,9,2016,I0->D1,249,249
ELSA,10,,2021,D1->DEAD,16,16
ELSA,3,5,2006,I0->D1,5,5
ELSA,10,11,2021,D2->R1,103,103
ELSA,4,6,2008,R1->R1,5,5
ELSA,9,10,2018,D1->R1,112,112
ELSA,3,5,2006,D1->D1,18,18
ELSA,3,,2006,R1->DEAD,48,48
ELSA,3,4,2006,D2->R1,48,48
ELSA,8,,2016,I0->DEAD,10,10
ELSA,3,4,2006,D2->D2,85,85
ELSA,9,,2018,D2->DEAD,30,30
ELSA,6,8,2012,D2->D2,5,5
ELSA,2,4,2004,D1->R1,12,12
ELSA,9,,2018,I0->DEAD,35,35
ELSA,9,,2018,D1->DEAD,41,41
ELSA,9,,2018,R1->DEAD,19,19
ELSA,4,6,2008,D1->R1,4,4
ELSA,5,7,2010,R1->R1,9,9
ELSA,5,7,2010,R1->D2,6,6
ELSA,3,,2006,D2->DEAD,20,20
ELSA,10,,2021,D2->DEAD,11,11
ELSA,5,,2010,R1->DEAD,28,28
ELSA,1,3,2002,I0->D1,13,13
ELSA,3,5,2006,R1->R1,6,6
ELSA,4,,2008,D2->DEAD,31,31
ELSA,2,4,2004,I0->D1,7,7
ELSA,4,6,2008,D2->D2,9,9
ELSA,6,8,2012,I0->D1,9,9
ELSA,10,,2021,I0->DEAD,13,13
ELSA,5,7,2010,D2->D2,2,2
ELSA,8,,2016,D2->DEAD,14,14
ELSA,5,7,2010,I0->D1,5,5
ELSA,5,7,2010,D2->R1,2,2
ELSA,4,6,2008,D1->D1,18,18
ELSA,4,6,2008,I0->D1,6,6
ELSA,6,8,2012,D1->D1,9,9
ELSA,1,3,2002,D1->D1,20,20
ELSA,7,,2014,D1->DEAD,1,1
ELSA,2,4,2004,R1->D2,2,2
ELSA,4,6,2008,D2->R1,2,2
ELSA,5,7,2010,D1->R1,7,7
ELSA,10,,2021,R1->DEAD,4,4
ELSA,2,4,2004,R1->R1,3,3
ELSA,7,9,2014,D2->D2,1,1
ELSA,7,,2014,I0->DEAD,1,1
ELSA,7,,2014,D2->DEAD,3,3
ELSA,4,6,2008,R1->D2,7,7
ELSA,6,8,2012,R1->D2,4,4
ELSA,3,5,2006,D1->R1,2,2
ELSA,7,9,2014,I0->D1,2,2
ELSA,7,9,2014,D1->D1,4,4
ELSA,6,8,2012,D2->R1,1,1
ELSA,7,9,2014,R1->R1,4,4
HRS,5,6,2000,I0->I0,6746,6746
HRS,6,7,2002,I0->I0,6783,6783
HRS,7,8,2004,I0->I0,6416,6416
HRS,8,9,2006,I0->I0,6149,6149
HRS,9,10,2008,I0->I0,5795,5795
HRS,10,11,2010,I0->I0,6210,6210
HRS,11,12,2012,I0->I0,6048,6048
HRS,12,13,2014,I0->I0,5691,5691
HRS,4,,1998,D1->DEAD,335,335
HRS,13,14,2016,D2->D2,574,574
HRS,14,15,2018,D2->D2,531,531
HRS,15,16,2020,D2->R1,228,228
HRS,5,6,2000,I0->D1,653,653
HRS,6,8,2002,D1->R1,30,30
HRS,8,9,2006,R1->R1,992,992
HRS,9,10,2008,R1->R1,1053,1053
HRS,10,,2010,R1->DEAD,74,74
HRS,13,14,2016,I0->I0,5285,5285
HRS,14,15,2018,I0->I0,5040,5040
HRS,15,16,2020,I0->I0,4731,4731
HRS,4,5,1998,I0->D1,733,733
HRS,5,6,2000,D1->R1,506,506
HRS,6,7,2002,R1->D2,341,341
HRS,7,8,2004,D2->D2,310,310
HRS,8,9,2006,D2->R1,191,191
HRS,10,11,2010,R1->R1,1191,1191
HRS,11,12,2012,R1->R1,1243,1243
HRS,12,,2014,R1->DEAD,111,111
HRS,14,16,2018,I0->I0,179,179
HRS,6,7,2002,R1->R1,793,793
HRS,7,8,2004,R1->R1,951,951
HRS,12,13,2014,R1->R1,1271,1271
HRS,13,14,2016,R1->R1,1309,1309
HRS,14,15,2018,R1->R1,1285,1285
HRS,15,16,2020,R1->R1,1228,1228
HRS,13,15,2016,I0->I0,390,390
HRS,3,4,1996,I0->I0,5335,5335
HRS,4,5,1998,I0->I0,7062,7062
HRS,9,10,2008,I0->D1,589,589
HRS,10,11,2010,D1->R1,393,393
HRS,11,12,2012,R1->D2,498,498
HRS,12,13,2014,D2->R1,250,250
HRS,11,12,2012,D1->R1,337,337
HRS,14,15,2018,R1->D2,436,436
HRS,8,10,2006,R1->R1,35,35
HRS,10,11,2010,R1->D2,382,382
HRS,11,12,2012,D2->R1,206,206
HRS,12,13,2014,R1->D2,413,413
HRS,13,,2016,D2->DEAD,164,164
HRS,12,14,2014,I0->I0,159,159
HRS,15,16,2020,I0->D1,329,329
HRS,3,4,1996,D1->R1,443,443
HRS,4,5,1998,R1->D2,181,181
HRS,5,7,2000,D2->D2,9,9
HRS,7,,2004,D2->DEAD,61,61
HRS,5,6,2000,D1->D1,1292,1292
HRS,6,7,2002,D1->D1,1154,1154
HRS,7,8,2004,D1->D1,1079,1079
HRS,8,9,2006,D1->D1,997,997
HRS,9,,2008,D1->DEAD,304,304
HRS,9,10,2008,D1->D1,923,923
HRS,10,11,2010,D1->D1,1113,1113
HRS,4,6,1998,I0->I0,358,358
HRS,10,12,2010,I0->D1,47,47
HRS,12,,2014,D1->DEAD,303,303
HRS,11,12,2012,I0->D1,529,529
HRS,12,13,2014,D1->R1,370,370
HRS,12,13,2014,I0->D1,497,497
HRS,13,14,2016,D1->D1,875,875
HRS,14,15,2018,D1->D1,733,733
HRS,14,15,2018,I0->D1,355,355
HRS,3,4,1996,D1->D1,1287,1287
HRS,7,9,2004,D1->D1,104,104
HRS,11,12,2012,D1->D1,1095,1095
HRS,12,13,2014,D1->D1,974,974
HRS,14,,2018,D1->DEAD,225,225
HRS,4,5,1998,R1->R1,328,328
HRS,5,6,2000,R1->R1,587,587
HRS,7,8,2004,R1->D2,406,406
HRS,8,9,2006,D2->D2,406,406
HRS,9,10,2008,D2->D2,489,489
HRS,10,11,2010,D2->D2,605,605
HRS,11,,2012,D2->DEAD,124,124
HRS,4,5,1998,D1->D1,1382,1382
HRS,10,,2010,D1->DEAD,299,299
HRS,8,10,2006,D1->D1,110,110
HRS,10,12,2010,D1->D1,84,84
HRS,13,,2016,D1->DEAD,296,296
HRS,7,9,2004,R1->R1,46,46
HRS,6,,2002,I0->DEAD,254,254
HRS,8,10,2006,D2->D2,30,30
HRS,11,12,2012,D2->D2,623,623
HRS,12,13,2014,D2->D2,614,614
HRS,13,14,2016,I0->D1,400,400
HRS,15,16,2020,D1->D1,650,650
HRS,7,9,2004,I0->I0,286,286
HRS,7,8,2004,I0->D1,584,584
HRS,8,9,2006,D1->R1,413,413
HRS,9,,2008,R1->DEAD,113,113
HRS,6,8,2002,I0->D1,97,97
HRS,8,9,2006,I0->D1,496,496
HRS,6,7,2002,D1->R1,507,507
HRS,7,,2004,R1->DEAD,65,65
HRS,10,12,2010,I0->I0,175,175
HRS,10,11,2010,I0->D1,506,506
HRS,3,5,1996,D1->R1,26,26
HRS,14,,2018,D2->DEAD,159,159
HRS,8,10,2006,I0->I0,234,234
HRS,5,,2000,I0->DEAD,282,282
HRS,3,5,1996,I0->I0,219,219
HRS,11,,2012,I0->DEAD,206,206
HRS,15,,2020,I0->DEAD,102,102
HRS,6,7,2002,D2->D2,205,205
HRS,6,7,2002,D2->R1,129,129
HRS,9,10,2008,R1->D2,500,500
HRS,15,16,2020,R1->D2,446,446
HRS,7,9,2004,I0->D1,80,80
HRS,9,10,2008,D1->R1,316,316
HRS,13,14,2016,R1->D2,419,419
HRS,15,,2020,D2->DEAD,82,82
HRS,8,10,2006,I0->D1,83,83
HRS,3,4,1996,I0->D1,724,724
HRS,4,5,1998,D1->R1,591,591
HRS,9,,2008,I0->DEAD,256,256
HRS,8,9,2006,R1->D2,440,440
HRS,13,14,2016,D2->R1,220,220
HRS,13,14,2016,D1->R1,332,332
HRS,10,,2010,I0->DEAD,177,177
HRS,9,10,2008,D2->R1,189,189
HRS,7,,2004,I0->DEAD,211,211
HRS,14,,2018,R1->DEAD,113,113
HRS,8,,2006,D1->DEAD,315,315
HRS,14,16,2018,D2->R1,11,11
HRS,5,,2000,D1->DEAD,373,373
HRS,6,8,2002,I0->I0,292,292
HRS,14,16,2018,D2->D2,48,48
HRS,11,,2012,D1->DEAD,272,272
HRS,7,,2004,D1->DEAD,298,298
HRS,10,12,2010,D2->D2,40,40
HRS,7,8,2004,D2->R1,135,135
HRS,15,16,2020,D2->D2,523,523
HRS,11,,2012,R1->DEAD,99,99
HRS,11,13,2012,D1->D1,72,72
HRS,13,15,2016,D2->D2,52,52
HRS,8,,2006,I0->DEAD,195,195
HRS,8,10,2006,D1->R1,28,28
HRS,14,,2018,I0->DEAD,192,192
HRS,11,13,2012,I0->I0,172,172
HRS,11,13,2012,R1->D2,37,37
HRS,14,16,2018,R1->D2,45,45
HRS,9,11,2008,I0->I0,217,217
HRS,4,,1998,I0->DEAD,278,278
HRS,15,16,2020,D1->R1,252,252
HRS,3,,1996,D1->DEAD,289,289
HRS,13,,2016,I0->DEAD,217,217
HRS,6,,2002,R1->DEAD,75,75
HRS,12,,2014,I0->DEAD,236,236
HRS,12,14,2014,D1->D1,53,53
HRS,7,8,2004,D1->R1,367,367
HRS,10,11,2010,D2->R1,255,255
HRS,14,15,2018,D2->R1,223,223
HRS,9,11,2008,I0->D1,83,83
HRS,15,,2020,D1->DEAD,115,115
HRS,14,15,2018,D1->R1,304,304
HRS,5,7,2000,I0->I0,282,282
HRS,10,,2010,D2->DEAD,132,132
HRS,13,15,2016,D1->D1,81,81
HRS,12,14,2014,R1->D2,30,30
HRS,4,6,1998,I0->D1,98,98
HRS,6,8,2002,D1->D1,142,142
HRS,12,14,2014,D2->R1,9,9
HRS,3,,1996,I0->DEAD,260,260
HRS,11,13,2012,I0->D1,57,57
HRS,5,6,2000,R1->D2,294,294
HRS,6,7,2002,I0->D1,594,594
HRS,8,10,2006,R1->D2,42,42
HRS,13,,2016,R1->DEAD,128,128
HRS,8,,2006,D2->DEAD,85,85
HRS,9,11,2008,D2->D2,35,35
HRS,12,,2014,D2->DEAD,177,177
HRS,10,12,2010,R1->D2,39,39
HRS,14,16,2018,R1->R1,56,56
HRS,12,14,2014,I0->D1,39,39
HRS,5,7,2000,D1->D1,105,105
HRS,13,15,2016,R1->R1,92,92
HRS,11,13,2012,R1->R1,40,40
HRS,9,11,2008,R1->R1,42,42
HRS,4,6,1998,D1->D1,151,151
HRS,12,14,2014,R1->R1,44,44
HRS,10,12,2010,R1->R1,43,43
HRS,7,9,2004,D2->R1,8,8
HRS,11,13,2012,D1->R1,22,22
HRS,13,15,2016,R1->D2,44,44
HRS,8,,2006,R1->DEAD,64,64
HRS,14,16,2018,I0->D1,30,30
HRS,9,11,2008,D1->D1,77,77
HRS,6,,2002,D1->DEAD,332,332
HRS,10,12,2010,D2->R1,17,17
HRS,11,13,2012,D2->D2,45,45
HRS,5,6,2000,D2->R1,50,50
HRS,6,8,2002,D2->R1,5,5
HRS,9,11,2008,R1->D2,42,42
HRS,14,16,2018,D1->R1,22,22
HRS,4,,1998,R1->DEAD,35,35
HRS,15,,2020,R1->DEAD,65,65
HRS,5,7,2000,R1->D2,27,27
HRS,3,5,1996,I0->D1,115,115
HRS,7,9,2004,D1->R1,28,28
HRS,9,,2008,D2->DEAD,136,136
HRS,9,11,2008,D1->R1,13,13
HRS,7,9,2004,R1->D2,42,42
HRS,5,,2000,D2->DEAD,32,32
HRS,5,7,2000,R1->R1,20,20
HRS,14,16,2018,D1->D1,51,51
HRS,12,14,2014,D2->D2,42,42
HRS,5,6,2000,D2->D2,103,103
HRS,8,10,2006,D2->R1,14,14
HRS,6,8,2002,R1->R1,43,43
HRS,3,5,1996,D1->D1,96,96
HRS,4,6,1998,D1->R1,49,49
HRS,13,15,2016,D2->R1,13,13
HRS,13,15,2016,D1->R1,27,27
HRS,13,15,2016,I0->D1,44,44
HRS,7,9,2004,D2->D2,23,23
HRS,10,12,2010,D1->R1,26,26
HRS,6,8,2002,R1->D2,38,38
HRS,12,14,2014,D1->R1,11,11
HRS,5,7,2000,I0->D1,77,77
HRS,5,7,2000,D2->R1,4,4
HRS,5,7,2000,D1->R1,44,44
HRS,2,3,1994,I0->D1,813,813
HRS,2,3,1994,D1->D1,828,828
HRS,2,3,1994,I0->I0,3226,3226
HRS,2,3,1994,D1->R1,211,211
HRS,3,4,1996,R1->R1,95,95
HRS,3,4,1996,R1->D2,64,64
HRS,4,5,1998,D2->R1,11,11
HRS,2,,1994,D1->DEAD,190,190
HRS,2,4,1994,I0->I0,307,307
HRS,2,4,1994,D1->D1,95,95
HRS,2,,1994,I0->DEAD,194,194
HRS,5,,2000,R1->DEAD,65,65
HRS,3,,1996,R1->DEAD,18,18
HRS,2,4,1994,I0->D1,120,120
HRS,4,5,1998,D2->D2,29,29
HRS,2,4,1994,D1->R1,23,23
HRS,6,,2002,D2->DEAD,41,41
HRS,4,,1998,D2->DEAD,6,6
HRS,4,6,1998,R1->D2,14,14
HRS,3,5,1996,R1->D2,8,8
HRS,3,5,1996,R1->R1,2,2
HRS,6,8,2002,D2->D2,14,14
HRS,4,6,1998,R1->R1,14,14
HRS,9,11,2008,D2->R1,7,7
HRS,11,13,2012,D2->R1,6,6
HRS,4,6,1998,D2->D2,3,3
MHAS,4,5,2015,D1->R1,568,568
MHAS,5,6,2018,R1->R1,546,546
MHAS,1,2,2001,D1->D1,352,352
MHAS,4,5,2015,I0->I0,3760,3760
MHAS,5,6,2018,I0->I0,3453,3453
MHAS,3,4,2012,I0->I0,3926,3926
MHAS,1,2,2001,I0->I0,3375,3375
MHAS,5,6,2018,I0->D1,612,612
MHAS,1,2,2001,I0->D1,469,469
MHAS,3,4,2012,D1->R1,513,513
MHAS,4,5,2015,R1->R1,481,481
MHAS,3,4,2012,I0->D1,814,814
MHAS,4,5,2015,D1->D1,674,674
MHAS,5,6,2018,D1->D1,677,677
MHAS,3,4,2012,D1->D1,727,727
MHAS,2,,2003,I0->DEAD,316,316
MHAS,3,4,2012,R1->D2,142,142
MHAS,4,5,2015,D2->D2,99,99
MHAS,5,,2018,D2->DEAD,63,63
MHAS,5,,2018,R1->DEAD,130,130
MHAS,2,,2003,D1->DEAD,180,180
MHAS,3,,2012,D1->DEAD,238,238
MHAS,3,4,2012,R1->R1,232,232
MHAS,3,,2012,I0->DEAD,283,283
MHAS,1,,2001,I0->DEAD,165,165
MHAS,4,5,2015,R1->D2,220,220
MHAS,5,6,2018,D2->R1,72,72
MHAS,4,5,2015,I0->D1,556,556
MHAS,5,6,2018,D1->R1,346,346
MHAS,5,,2018,D1->DEAD,268,268
MHAS,1,,2001,D1->DEAD,107,107
MHAS,4,,2015,D1->DEAD,257,257
MHAS,4,5,2015,D2->R1,56,56
MHAS,5,6,2018,R1->D2,394,394
MHAS,1,2,2001,D1->R1,381,381
MHAS,3,,2012,R1->DEAD,31,31
MHAS,5,6,2018,D2->D2,163,163
MHAS,5,,2018,I0->DEAD,334,334
MHAS,3,4,2012,D2->R1,27,27
MHAS,4,,2015,R1->DEAD,54,54
MHAS,4,,2015,I0->DEAD,260,260
MHAS,3,,2012,D2->DEAD,27,27
MHAS,2,,2003,R1->DEAD,37,37
MHAS,3,4,2012,D2->D2,77,77
MHAS,4,,2015,D2->DEAD,38,38
