cohort,exposure,metric,point_estimate,valid_replicates,bootstrap_mean,bootstrap_sd,ci_low,bootstrap_median,ci_high
CHARLS,education,closure_error,,498,-1.51596718221909e-16,3.71327174025107e-15,-7.99360577730113e-15,0,7.105427357601e-15
CHARLS,education,contribution_onset,-3.42965847665814,498,-3.5419441489447,1.00052868138278,-5.86857354580977,-3.46107242079627,-1.84997376438247
CHARLS,education,contribution_post_disability_mortality,-0.377345477468457,498,-0.335407466116197,0.445096919809035,-1.28091419133988,-0.325262764441552,0.501864252142349
CHARLS,education,contribution_pre_disability_mortality,-0.482554389661146,498,-0.526911808401309,0.467795072411612,-1.46416247013095,-0.552856508059039,0.411264157379168
CHARLS,education,contribution_recovery,-0.946923212695705,498,-0.951062197714101,0.674526121087409,-2.30768937349704,-0.91553906873909,0.246285380297425
CHARLS,education,contribution_relapse,-0.787905496075794,498,-0.796191606663119,0.796726461899841,-2.69155756910459,-0.687428629524127,0.521836561827297
CHARLS,education,gap_dfle,-6.02438705255925,498,-6.15151722783942,1.43309265150664,-9.04511585779773,-6.11752330755373,-3.22908950928686
CHARLS,education,gap_disabled,2.96486329719898,498,3.08046753603071,1.40220362200146,0.263296657428447,3.15608914302271,5.60330952762229
CHARLS,education,gap_tle,-3.05952375536026,498,-3.07104969180872,1.65237141518595,-6.51594645701164,-3.03169340780731,0.0613236420131674
CHARLS,education,high_dfle,19.488308458845,498,19.6156236296981,1.43476249336107,16.7431317156109,19.6027386933061,22.484634097182
CHARLS,education,high_disabled,6.71717040510534,498,6.63078975715987,1.41450098036584,4.08295315739773,6.57865838806554,9.68870489080834
CHARLS,education,high_residual_age100,0.111319386742211,498,0.121268028097554,0.0634414433633407,0.0314398234105775,0.11069466044165,0.261796201235461
CHARLS,education,high_tle,26.2054788639503,498,26.246413386858,1.66361110200946,23.1224551392197,26.1389487264518,29.7328630436017
CHARLS,education,low_dfle,13.4639214062857,498,13.4641064018587,0.189482967901989,13.0806625982596,13.4639436631591,13.8102265052096
CHARLS,education,low_disabled,9.68203370230432,498,9.71125729319057,0.330902661356818,9.09417561927093,9.67866124964314,10.3630795021668
CHARLS,education,low_residual_age100,0.0462826121170921,498,0.0488656539015695,0.0192797512473437,0.0145513734198034,0.0482639603585849,0.0894262621541907
CHARLS,education,low_tle,23.1459551085901,498,23.1753636950493,0.379592948867207,22.4596685943539,23.1832027820595,23.9182652762667
CHARLS,education,recovery_relapse_contribution,-1.7348287087715,498,-1.74725380437722,1.13621829449577,-4.05558655650192,-1.69086593275053,0.380206871348983
CHARLS,education,recovery_relapse_percent,28.7967671007214,498,27.1484486962602,16.5685853084869,-8.24885740828099,28.703613605357,56.1868491093803
CHARLS,wealth,closure_error,,497,-6.88025536387422e-17,1.84434081536496e-15,-3.5527136788005e-15,0,3.99680288865056e-15
CHARLS,wealth,contribution_onset,-2.21318727906642,497,-2.19018885554273,0.315222821495744,-2.86574574323319,-2.18371234091102,-1.61017354483541
CHARLS,wealth,contribution_post_disability_mortality,-0.386064670617423,497,-0.423470549021619,0.20089047673804,-0.825435345058573,-0.413480610524553,-0.061253811825412
CHARLS,wealth,contribution_pre_disability_mortality,-0.0818257016266741,497,-0.0656770061110775,0.145442254115629,-0.346118456788062,-0.0655562693665442,0.226841713939131
CHARLS,wealth,contribution_recovery,-0.88575985306015,497,-0.882624518950626,0.248843967653301,-1.39930112405002,-0.876543692190449,-0.411822767485471
CHARLS,wealth,contribution_relapse,-0.189084449918607,497,-0.200289585750569,0.274764716693945,-0.747802412011563,-0.188499863283498,0.34879197684256
CHARLS,wealth,gap_dfle,-3.75592195428928,497,-3.76225051537662,0.5195265641438,-4.89351338076581,-3.72878199281597,-2.69892323596721
CHARLS,wealth,gap_disabled,1.0887624381692,497,0.987761210190468,0.720293983512493,-0.375246381265685,0.969722029666453,2.37020944907213
CHARLS,wealth,gap_tle,-2.66715951612008,497,-2.77448930518615,0.85887754885123,-4.43653006645987,-2.81647067596867,-1.05061789903319
CHARLS,wealth,high_dfle,18.0556596466492,497,18.0621512750914,0.529010140763267,16.9988558898304,18.0607925535148,19.2014885878702
CHARLS,wealth,high_disabled,11.5538544568737,497,11.6598863463725,0.777325113511892,10.2650432694577,11.6378973284359,13.2060686659602
CHARLS,wealth,high_residual_age100,0.251768719096265,497,0.261447966624176,0.0829782431069806,0.0964419902984052,0.25576817530937,0.428033995502332
CHARLS,wealth,high_tle,29.6095141035229,497,29.7220376214639,0.877984784534347,27.9411594033414,29.683717517547,31.5588961172896
CHARLS,wealth,low_dfle,14.29973769236,497,14.2999007597148,0.36042470624042,13.5733314473327,14.2993258694715,15.0036860367624
CHARLS,wealth,low_disabled,12.6426168950429,497,12.6476475565629,0.646857901424531,11.4875037625212,12.6223680439266,13.9865723151947
CHARLS,wealth,low_residual_age100,0.145405180561634,497,0.150804672554364,0.0643329873776814,0.0422673000438361,0.14026696806171,0.300728331106757
CHARLS,wealth,low_tle,26.9423545874029,497,26.9475483162777,0.73134398774878,25.5936891394221,26.8834204971849,28.4863801373314
CHARLS,wealth,recovery_relapse_contribution,-1.07484430297876,497,-1.0829141047012,0.35809177385787,-1.81231051307924,-1.09526440727477,-0.371603139621591
CHARLS,wealth,recovery_relapse_percent,28.6173226190518,497,28.4065541994102,7.78800678431133,12.1110502157206,28.9663561183076,43.0018872481126
ELSA,education,closure_error,,500,3.46389583683048e-17,2.08333848978403e-15,-4.44089209850063e-15,0,4.44089209850063e-15
ELSA,education,contribution_onset,-1.99509584067465,500,-1.97655897798139,0.292339607653219,-2.57462007314024,-1.97360090875502,-1.37373258601787
ELSA,education,contribution_post_disability_mortality,-0.339414216938302,500,-0.339252635276019,0.141627914375112,-0.640089436128479,-0.33098232279382,-0.0735835967924327
ELSA,education,contribution_pre_disability_mortality,-0.77473167162655,500,-0.749832894923617,0.340872312711904,-1.46768580871853,-0.73963436878129,-0.0723704016615754
ELSA,education,contribution_recovery,-0.713618029837661,500,-0.715596182602047,0.151842764890816,-1.01087741691059,-0.708028753853589,-0.374901369794907
ELSA,education,contribution_relapse,-0.647740276372859,500,-0.647748475084237,0.139908782676885,-0.916589929878764,-0.649103896472792,-0.367500746738241
ELSA,education,gap_dfle,-4.47060003545002,500,-4.42898916586731,0.533048639692271,-5.47715502256868,-4.42991661591521,-3.40380525260089
ELSA,education,gap_disabled,1.22611844422883,500,1.23705634507127,0.498103380920238,0.169496720262877,1.2547153067514,2.181639336591
ELSA,education,gap_tle,-3.2444815912212,500,-3.19193282079604,0.78816857668799,-4.76247126494008,-3.19357798993772,-1.72607234240453
ELSA,education,high_dfle,21.4240097246755,500,21.386497750928,0.47102372943833,20.4839313104371,21.3632207772535,22.2976981390438
ELSA,education,high_disabled,5.58153364875216,500,5.60348795929091,0.498122152113299,4.75011398897225,5.5647126298065,6.68760815975367
ELSA,education,high_residual_age100,0.0578325279200391,500,0.0653010661231537,0.0451912994696138,0.00785797220273874,0.054381054493892,0.17187022523267
ELSA,education,high_tle,27.0055433734276,500,26.9899857102189,0.741838680366621,25.6900515346845,26.984063883899,28.5653857459351
ELSA,education,low_dfle,16.9534096892254,500,16.9575085850607,0.224327784322269,16.5302780993732,16.9546277271893,17.3933310774947
ELSA,education,low_disabled,6.80765209298099,500,6.84054430436217,0.277753050536589,6.34765103978938,6.8115403506785,7.46561619168245
ELSA,education,low_residual_age100,0.0123840493307893,500,0.0180538082306136,0.0187939245742959,0.000828261492898712,0.0113491925435663,0.0703588688371377
ELSA,education,low_tle,23.7610617822064,500,23.7980528894228,0.367225444110044,23.1601893598503,23.7895741442714,24.5507854264293
ELSA,education,recovery_relapse_contribution,-1.36135830621052,500,-1.36334465768628,0.220785751102203,-1.82930673348296,-1.36960202054235,-0.940090936961069
ELSA,education,recovery_relapse_percent,30.451355420201,500,31.0099050692724,5.07205246345144,21.2323567474477,30.8684668665698,41.7085534029952
ELSA,wealth,closure_error,,500,1.24344978758018e-17,2.75436115320748e-15,-5.32907051820075e-15,0,5.32907051820075e-15
ELSA,wealth,contribution_onset,-2.91469928271265,500,-2.88614878814232,0.219545960535163,-3.34442608674751,-2.87312625223549,-2.47603731447668
ELSA,wealth,contribution_post_disability_mortality,-0.473769205886957,500,-0.466584770382758,0.0916107996322191,-0.648465465232566,-0.469122537191935,-0.293105781698949
ELSA,wealth,contribution_pre_disability_mortality,-0.940185372261087,500,-0.906126451267587,0.238524945419557,-1.38636286518532,-0.906435134245937,-0.42080444181607
ELSA,wealth,contribution_recovery,-0.916159834013937,500,-0.943407432972022,0.113611182705276,-1.19465282485109,-0.945530652184164,-0.712947997609127
ELSA,wealth,contribution_relapse,-0.552514405408399,500,-0.544939900788076,0.0868379254293564,-0.727461922210521,-0.544133323341248,-0.387265724598433
ELSA,wealth,gap_dfle,-5.79732810028303,500,-5.74720734355277,0.336593749545392,-6.43283265560556,-5.72995073788535,-5.12979105901808
ELSA,wealth,gap_disabled,1.24901683154144,500,1.30191684256946,0.383777041228788,0.487819664458078,1.30645343607784,1.98758305115716
ELSA,wealth,gap_tle,-4.54831126874159,500,-4.4452905009833,0.514432202311689,-5.50798727009988,-4.42642086899945,-3.50359582792938
ELSA,wealth,high_dfle,21.2720411434302,500,21.273245413368,0.242909627651883,20.7973815192738,21.2597380395215,21.7539618251579
ELSA,wealth,high_disabled,5.8669671905127,500,5.84003866944929,0.348289251457797,5.21038760434144,5.79873056993305,6.59353838832031
ELSA,wealth,high_residual_age100,0.0563297726035545,500,0.0592421799784752,0.0378520508683098,0.00889708436690238,0.0500089040649208,0.149563158246408
ELSA,wealth,high_tle,27.1390083339429,500,27.1132840828172,0.441854090015152,26.3339069425276,27.1112636339635,27.9738491460709
ELSA,wealth,low_dfle,15.4747130431472,500,15.5260380698152,0.247649695949472,15.065036007232,15.5222796268753,16.0429134946322
ELSA,wealth,low_disabled,7.11598402205414,500,7.14195551201875,0.295502185188156,6.64093767413478,7.13049056287622,7.78323481725066
ELSA,wealth,low_residual_age100,0.00468850658372437,500,0.00801648651990467,0.0103805003530705,0.000268317364367504,0.00422388808939319,0.0428757737263708
ELSA,wealth,low_tle,22.5906970652013,500,22.6679935818339,0.378623251598551,21.9964530459541,22.6533022421194,23.4545974529154
ELSA,wealth,recovery_relapse_contribution,-1.46867423942234,500,-1.4883473337601,0.144911609440643,-1.78987200801137,-1.49042108722387,-1.20851319177853
ELSA,wealth,recovery_relapse_percent,25.333640153136,500,25.9249108844418,2.35055410917691,21.4057376884739,25.9359475537876,30.7341946091224
HRS,education,closure_error,,500,2.22044604925031e-16,3.06638228188428e-15,-7.105427357601e-15,0,6.21724893790088e-15
HRS,education,contribution_onset,-2.74259913915256,500,-2.74361726264888,0.206722377194014,-3.12642354480816,-2.7386961825118,-2.33232684690208
HRS,education,contribution_post_disability_mortality,-0.137438920689443,500,-0.137463329053275,0.0613487005975111,-0.259225646498803,-0.140877818421894,-0.0135034607262543
HRS,education,contribution_pre_disability_mortality,-1.29900380191074,500,-1.30270407953142,0.159528315373488,-1.62366524796199,-1.29821579173673,-0.998136398966288
HRS,education,contribution_recovery,-0.811680355041137,500,-0.805382635952814,0.114356756457765,-1.02743903455887,-0.8106027123675,-0.584702336912749
HRS,education,contribution_relapse,-0.489656712573153,500,-0.491822281402532,0.0824325266541753,-0.656318435671997,-0.496458935675353,-0.327755492095752
HRS,education,gap_dfle,-5.48037892936702,500,-5.48098958858892,0.297060589558519,-6.09304244236896,-5.49613784548768,-4.86722524789744
HRS,education,gap_disabled,1.52362284732003,500,1.52029847271402,0.224336055014089,1.08113485583929,1.53638285933116,1.95873664102057
HRS,education,gap_tle,-3.95675608204699,500,-3.9606911158749,0.341695570814034,-4.66942325082716,-3.9568190865985,-3.27799343872435
HRS,education,high_dfle,22.0447440281458,500,22.0485346081532,0.228027976786473,21.5865714542066,22.0537537002529,22.4682443861212
HRS,education,high_disabled,5.05718145264681,500,5.05557089652573,0.168516350477906,4.71682113095049,5.05583028667431,5.39754941827646
HRS,education,high_residual_age100,0.0998456852742346,500,0.100229662655858,0.0111762204458764,0.0784792101084707,0.100193012222383,0.124022110673708
HRS,education,high_tle,27.1019254807926,500,27.1041055046789,0.258813099004893,26.5839625009477,27.1022666667393,27.638584514516
HRS,education,low_dfle,16.5643650987788,500,16.5675450195643,0.185264554529757,16.1908770531702,16.576908606548,16.9107327057828
HRS,education,low_disabled,6.58080429996684,500,6.57586936923975,0.158445784536382,6.26295535506236,6.57302148985727,6.86694874631095
HRS,education,low_residual_age100,0.0368617076329808,500,0.0370668942071571,0.00549207151269466,0.0269294937084776,0.0369963568917147,0.0485471583420064
HRS,education,low_tle,23.1451693987456,500,23.143414388804,0.205993466011475,22.733465886377,23.1496415764121,23.5375602187254
HRS,education,recovery_relapse_contribution,-1.30133706761429,500,-1.29720491735535,0.143974591529167,-1.58778296752887,-1.30304205160638,-1.03727124265604
HRS,education,recovery_relapse_percent,23.7453848426607,500,23.6833832080294,2.45286412797339,19.1871921786965,23.6742987995861,28.5937063107289
HRS,wealth,closure_error,,500,-5.32907051820077e-17,3.29560106123427e-15,-6.63913368725844e-15,0,6.63913368725841e-15
HRS,wealth,contribution_onset,-2.65925514948893,500,-2.66474885633276,0.156902158823446,-2.96010123485448,-2.67593876736381,-2.33268338393023
HRS,wealth,contribution_post_disability_mortality,-0.247701053156821,500,-0.254679644828141,0.0463216306718151,-0.351765606775151,-0.255789960327823,-0.165249815300335
HRS,wealth,contribution_pre_disability_mortality,-1.60981544407172,500,-1.58044927919693,0.13797408946052,-1.85939318578797,-1.57377702160994,-1.31188457372949
HRS,wealth,contribution_recovery,-0.876736861635161,500,-0.881919982909156,0.0818155001636572,-1.05129519699987,-0.880038979592201,-0.717059276628636
HRS,wealth,contribution_relapse,-0.365722469230331,500,-0.360590515792458,0.0572306156715822,-0.46467382936433,-0.360160382115854,-0.246120724226791
HRS,wealth,gap_dfle,-5.75923097758296,500,-5.74238827905944,0.227354815319978,-6.17961536328336,-5.73665603541732,-5.25443159662596
HRS,wealth,gap_disabled,0.999826279047912,500,0.992598485379963,0.183943859225211,0.652803555046956,0.99109483416145,1.38474421922988
HRS,wealth,gap_tle,-4.75940469853505,500,-4.74978979367948,0.272955093157104,-5.30024909381076,-4.75453870157223,-4.22734530400031
HRS,wealth,high_dfle,21.7182572510627,500,21.7170833783863,0.16350770038255,21.4079352908798,21.7118427153115,22.0475239303726
HRS,wealth,high_disabled,5.09558908502967,500,5.09865492281697,0.123235864927171,4.85169945167148,5.10253845462555,5.35303224977751
HRS,wealth,high_residual_age100,0.0902756462661502,500,0.0906635531555545,0.00944258888537809,0.0726200606513706,0.0906297503750631,0.110683757932164
HRS,wealth,high_tle,26.8138463360923,500,26.8157383012033,0.18305789692734,26.4746724850583,26.811373359232,27.2114491452515
HRS,wealth,low_dfle,15.9590262734797,500,15.9746950993269,0.160241364514409,15.6532863038471,15.9772355010382,16.2919901488209
HRS,wealth,low_disabled,6.09541536407758,500,6.09125340819693,0.138041177171307,5.82089784889046,6.09057748117332,6.38284194233488
HRS,wealth,low_residual_age100,0.0244276462494854,500,0.0244504279869731,0.00403504640654668,0.0167437523284232,0.0243935285383381,0.0335082248307144
HRS,wealth,low_tle,22.0544416375573,500,22.0659485075238,0.202828265154509,21.6724510754594,22.0631460738247,22.4680590990007
HRS,wealth,recovery_relapse_contribution,-1.24245933086549,500,-1.24251049870161,0.10000523697738,-1.42813113696417,-1.24461519858322,-1.04512874795532
HRS,wealth,recovery_relapse_percent,21.5733547708296,500,21.6443301473561,1.61482388609446,18.3980284779916,21.6137652693459,24.8178373304537
MHAS,education,closure_error,,498,-1.18156265672958e-17,2.48637416340398e-15,-5.32907051820075e-15,0,4.88498130835069e-15
MHAS,education,contribution_onset,-2.41436328648563,498,-2.47176936136489,0.782753702338819,-4.103940467311,-2.44682233376808,-1.06480580619394
MHAS,education,contribution_post_disability_mortality,-0.152760597345936,498,-0.173141225375883,0.316168766193605,-0.843221354671588,-0.155501080463794,0.42833733931776
MHAS,education,contribution_pre_disability_mortality,0.0389738716838695,498,0.0333518124285649,0.738060917681412,-1.35448303583497,0.0641637655003203,1.59887973418887
MHAS,education,contribution_recovery,-0.510895939411163,498,-0.510411074064868,0.356263572281625,-1.24111476706788,-0.494756087229943,0.181244971073991
MHAS,education,contribution_relapse,-0.253215571940866,498,-0.322921804500955,0.470354850779653,-1.3702420178945,-0.301588065173255,0.527948895180446
MHAS,education,gap_dfle,-3.29226152349973,498,-3.44489165287803,1.22802693953388,-5.80621084714597,-3.43225649788077,-1.05874335114512
MHAS,education,gap_disabled,2.04978033859215,498,2.05502779840784,1.19227644371079,-0.598559295097218,2.1486116359142,4.24577992190149
MHAS,education,gap_tle,-1.24248118490758,498,-1.38986385447018,1.74120604353466,-5.06947811601895,-1.36840582161678,2.0935506510685
MHAS,education,high_dfle,19.4100177204417,498,19.5719614894051,1.21501786731647,17.1115400091581,19.54707379622,21.9839547885111
MHAS,education,high_disabled,5.04484266555801,498,5.05030793204946,1.14963127106314,3.03233266810968,5.02261462646992,7.91928481057289
MHAS,education,high_residual_age100,0.0874778204677049,498,0.105825714996588,0.0613255837044152,0.0207957678621951,0.0913999746393948,0.251105652979349
MHAS,education,high_tle,24.4548603859997,498,24.6222694214546,1.67930915728141,21.3615130037495,24.6104314515783,28.1326053182575
MHAS,education,low_dfle,16.117756196942,498,16.1270698365271,0.317428519456328,15.5255432567852,16.1114587872626,16.7834188714318
MHAS,education,low_disabled,7.09462300415016,498,7.1053357304573,0.405532469141125,6.3289211345635,7.115815825024,7.89555920114959
MHAS,education,low_residual_age100,0.0653082703329469,498,0.069100423453531,0.0255851726639349,0.0272290738414487,0.0679134002220809,0.127835844207194
MHAS,education,low_tle,23.2123792010922,498,23.2324055669844,0.467981303061398,22.3455959739531,23.2431757695978,24.1875122790822
MHAS,education,recovery_relapse_contribution,-0.76411151135203,498,-0.833332878565823,0.605040401470386,-2.13218992073607,-0.79232081038058,0.266505562258418
MHAS,education,recovery_relapse_percent,23.209319973456,498,25.2538820979953,23.1157630589006,-12.4980233552959,22.597434389948,74.6242071640103
MHAS,wealth,closure_error,,499,1.99267233753489e-17,1.46897840381775e-15,-2.88657986402541e-15,0,2.99760216648793e-15
MHAS,wealth,contribution_onset,-0.933140024727684,499,-1.03354344731389,0.409210148336647,-1.84729938046191,-1.02653210031616,-0.23989931052749
MHAS,wealth,contribution_post_disability_mortality,-0.0275699025810594,499,-0.0628987396398915,0.15202528729353,-0.380807249053965,-0.0575706733539371,0.245453747920562
MHAS,wealth,contribution_pre_disability_mortality,-0.712086628994241,499,-0.688908309426091,0.321685724621504,-1.31856287173914,-0.693725120317274,-0.0724019376459344
MHAS,wealth,contribution_recovery,-0.0546100543312221,499,-0.0770971717632578,0.220391355686551,-0.534280044538946,-0.0731291911920566,0.357466248578756
MHAS,wealth,contribution_relapse,0.214309659028474,499,0.244237212540781,0.278026962098165,-0.274942820595503,0.230305473174231,0.841671796423453
MHAS,wealth,gap_dfle,-1.51309695160573,499,-1.61821045560235,0.630537471889876,-2.84088137949471,-1.59061372263073,-0.362435566395041
MHAS,wealth,gap_disabled,0.103885754050999,499,0.0604021993346192,0.721372731817216,-1.3428287826162,0.0863674062272226,1.40353694745037
MHAS,wealth,gap_tle,-1.40921119755474,499,-1.55780825626773,0.868263483674164,-3.2983159327061,-1.53949963689087,0.0864791426000889
MHAS,wealth,high_dfle,17.116528873977,499,17.1888077787486,0.520159689890784,16.141917385838,17.1794446583669,18.2119584869458
MHAS,wealth,high_disabled,6.89986277576287,499,6.86526349575001,0.59209119069264,5.80502473162185,6.82216086716873,8.13601755208065
MHAS,wealth,high_residual_age100,0.0711844954077771,499,0.0771917373865604,0.0306096487038761,0.0268963749469024,0.0758660096504317,0.142709633199887
MHAS,wealth,high_tle,24.0163916497398,499,24.0540712744987,0.678362358897624,22.6678797508496,24.0736743808593,25.3613810321422
MHAS,wealth,low_dfle,15.6034319223712,499,15.5705973231463,0.444107254076853,14.7712581411721,15.5602050284517,16.4879020522212
MHAS,wealth,low_disabled,7.00374852981387,499,6.92566569508463,0.555651718736352,5.89120757071865,6.88815527244068,8.08838105826565
MHAS,wealth,low_residual_age100,0.0592290181057806,499,0.0596458935376177,0.0254566016475965,0.0206496279888383,0.0569174239300018,0.117250781160489
MHAS,wealth,low_tle,22.6071804521851,499,22.4962630182309,0.662104065637443,21.2187329916976,22.4632719106621,23.7827393093285
MHAS,wealth,recovery_relapse_contribution,0.159699604697252,499,0.167140040777523,0.356961014417844,-0.516968545046822,0.165829561669947,0.906820746450225
MHAS,wealth,recovery_relapse_percent,-10.5544859189476,499,2471.49729946523,55714.4099336089,-206.7756254995,-9.9708417466548,24.7971018930395
