cohort,phase,replicate,seed,exposure,status,error_message,unique_sampled_people,elapsed_seconds_replicate_exposure
MHAS,final,1,451001,education,valid,"",9630,3.63
MHAS,final,1,451001,wealth,valid,"",9630,7.14
MHAS,final,2,451002,education,valid,"",9499,3.49
MHAS,final,2,451002,wealth,valid,"",9499,7.06
MHAS,final,3,451003,education,valid,"",9617,3.63
MHAS,final,3,451003,wealth,valid,"",9617,7.13
MHAS,final,4,451004,education,valid,"",9624,3.7
MHAS,final,4,451004,wealth,valid,"",9624,7.33
MHAS,final,5,451005,education,valid,"",9534,3.43
MHAS,final,5,451005,wealth,valid,"",9534,7.08
MHAS,final,6,451006,education,valid,"",9619,3.45
MHAS,final,6,451006,wealth,valid,"",9619,7.14
MHAS,final,7,451007,education,valid,"",9623,3.84
MHAS,final,7,451007,wealth,valid,"",9623,7.53
MHAS,final,8,451008,education,valid,"",9600,3.63
MHAS,final,8,451008,wealth,valid,"",9600,7.33
MHAS,final,9,451009,education,valid,"",9632,3.55
MHAS,final,9,451009,wealth,valid,"",9632,7.27
MHAS,final,10,451010,education,valid,"",9602,3.63000000000001
MHAS,final,10,451010,wealth,valid,"",9602,7.36
MHAS,final,11,451011,education,valid,"",9615,3.61
MHAS,final,11,451011,wealth,valid,"",9615,7.36
MHAS,final,12,451012,education,valid,"",9554,3.69
MHAS,final,12,451012,wealth,valid,"",9554,7.39
MHAS,final,13,451013,education,valid,"",9600,3.87
MHAS,final,13,451013,wealth,valid,"",9600,7.36
MHAS,final,14,451014,education,valid,"",9731,3.49
MHAS,final,14,451014,wealth,valid,"",9731,7.27
MHAS,final,15,451015,education,valid,"",9615,3.56
MHAS,final,15,451015,wealth,valid,"",9615,7.86
MHAS,final,16,451016,education,valid,"",9599,4.79000000000001
MHAS,final,16,451016,wealth,valid,"",9599,9.79000000000001
MHAS,final,17,451017,education,valid,"",9610,4.48
MHAS,final,17,451017,wealth,valid,"",9610,8.98
MHAS,final,18,451018,education,valid,"",9591,4.18000000000001
MHAS,final,18,451018,wealth,valid,"",9591,8.40000000000001
MHAS,final,19,451019,education,valid,"",9628,4.33000000000001
MHAS,final,19,451019,wealth,valid,"",9628,8.30000000000001
MHAS,final,20,451020,education,valid,"",9665,3.95000000000002
MHAS,final,20,451020,wealth,valid,"",9665,7.44
MHAS,final,21,451021,education,valid,"",9626,3.78
MHAS,final,21,451021,wealth,valid,"",9626,7.22
MHAS,final,22,451022,education,valid,"",9593,3.39999999999998
MHAS,final,22,451022,wealth,valid,"",9593,6.81999999999999
MHAS,final,23,451023,education,valid,"",9580,3.28
MHAS,final,23,451023,wealth,valid,"",9580,6.64000000000002
MHAS,final,24,451024,education,valid,"",9607,3.36000000000001
MHAS,final,24,451024,wealth,valid,"",9607,6.66
MHAS,final,25,451025,education,valid,"",9547,3.29999999999998
MHAS,final,25,451025,wealth,valid,"",9547,6.66999999999999
MHAS,final,26,451026,education,valid,"",9574,3.61000000000001
MHAS,final,26,451026,wealth,valid,"",9574,6.95000000000002
MHAS,final,27,451027,education,valid,"",9596,3.75
MHAS,final,27,451027,wealth,valid,"",9596,7.37000000000001
MHAS,final,28,451028,education,valid,"",9585,3.45999999999998
MHAS,final,28,451028,wealth,valid,"",9585,6.92999999999998
MHAS,final,29,451029,education,valid,"",9549,3.44
MHAS,final,29,451029,wealth,valid,"",9549,6.69
MHAS,final,30,451030,education,valid,"",9506,3.31
MHAS,final,30,451030,wealth,valid,"",9506,6.72999999999999
MHAS,final,31,451031,education,valid,"",9637,3.84
MHAS,final,31,451031,wealth,valid,"",9637,7.16999999999999
MHAS,final,32,451032,education,valid,"",9530,3.28
MHAS,final,32,451032,wealth,valid,"",9530,6.85999999999999
MHAS,final,33,451033,education,valid,"",9578,4.32999999999998
MHAS,final,33,451033,wealth,valid,"",9578,8.75
MHAS,final,34,451034,education,valid,"",9593,3.65000000000001
MHAS,final,34,451034,wealth,valid,"",9593,7.31999999999999
MHAS,final,35,451035,education,valid,"",9636,3.5
MHAS,final,35,451035,wealth,valid,"",9636,7.02999999999997
MHAS,final,36,451036,education,valid,"",9562,3.65999999999997
MHAS,final,36,451036,wealth,valid,"",9562,6.94
MHAS,final,37,451037,education,valid,"",9599,3.25
MHAS,final,37,451037,wealth,valid,"",9599,6.51999999999998
MHAS,final,38,451038,education,valid,"",9588,3.19999999999999
MHAS,final,38,451038,wealth,valid,"",9588,6.46999999999997
MHAS,final,39,451039,education,valid,"",9635,3.30000000000001
MHAS,final,39,451039,wealth,valid,"",9635,6.46999999999997
MHAS,final,40,451040,education,valid,"",9595,3.28000000000003
MHAS,final,40,451040,wealth,valid,"",9595,6.48000000000002
MHAS,final,41,451041,education,valid,"",9578,3.31
MHAS,final,41,451041,wealth,valid,"",9578,6.55000000000001
MHAS,final,42,451042,education,valid,"",9588,3.33000000000004
MHAS,final,42,451042,wealth,valid,"",9588,6.56999999999999
MHAS,final,43,451043,education,valid,"",9544,3.31999999999999
MHAS,final,43,451043,wealth,valid,"",9544,6.62000000000001
MHAS,final,44,451044,education,failed,nonconvergent/nonfinite model,9609,2.06
MHAS,final,44,451044,wealth,valid,"",9609,5.61000000000001
MHAS,final,45,451045,education,valid,"",9555,3.37
MHAS,final,45,451045,wealth,valid,"",9555,6.75
MHAS,final,46,451046,education,valid,"",9594,3.27999999999997
MHAS,final,46,451046,wealth,valid,"",9594,6.5
MHAS,final,47,451047,education,valid,"",9564,3.25
MHAS,final,47,451047,wealth,valid,"",9564,6.81
MHAS,final,48,451048,education,valid,"",9633,3.28000000000003
MHAS,final,48,451048,wealth,valid,"",9633,6.69999999999999
MHAS,final,49,451049,education,valid,"",9565,3.30000000000001
MHAS,final,49,451049,wealth,valid,"",9565,6.5
MHAS,final,50,451050,education,valid,"",9516,3.28000000000003
MHAS,final,50,451050,wealth,valid,"",9516,6.67000000000002
MHAS,final,51,451051,education,valid,"",9591,3.33999999999998
MHAS,final,51,451051,wealth,valid,"",9591,6.98000000000002
MHAS,final,52,451052,education,valid,"",9626,3.44
MHAS,final,52,451052,wealth,valid,"",9626,6.72000000000003
MHAS,final,53,451053,education,valid,"",9625,3.32999999999998
MHAS,final,53,451053,wealth,valid,"",9625,6.69999999999999
MHAS,final,54,451054,education,valid,"",9583,3.32999999999998
MHAS,final,54,451054,wealth,valid,"",9583,6.63999999999999
MHAS,final,55,451055,education,valid,"",9632,3.31999999999999
MHAS,final,55,451055,wealth,valid,"",9632,6.72000000000003
MHAS,final,56,451056,education,valid,"",9633,3.31
MHAS,final,56,451056,wealth,valid,"",9633,6.73000000000002
MHAS,final,57,451057,education,valid,"",9522,3.43000000000001
MHAS,final,57,451057,wealth,valid,"",9522,6.78000000000003
MHAS,final,58,451058,education,valid,"",9595,3.29000000000002
MHAS,final,58,451058,wealth,valid,"",9595,6.64000000000004
MHAS,final,59,451059,education,valid,"",9614,3.34000000000003
MHAS,final,59,451059,wealth,valid,"",9614,6.75
MHAS,final,60,451060,education,valid,"",9635,3.18000000000001
MHAS,final,60,451060,wealth,valid,"",9635,6.48000000000002
MHAS,final,61,451061,education,valid,"",9672,3.36000000000001
MHAS,final,61,451061,wealth,valid,"",9672,6.73000000000002
MHAS,final,62,451062,education,valid,"",9643,3.41000000000003
MHAS,final,62,451062,wealth,valid,"",9643,6.75
MHAS,final,63,451063,education,valid,"",9580,3.33999999999998
MHAS,final,63,451063,wealth,valid,"",9580,6.68000000000001
MHAS,final,64,451064,education,valid,"",9545,3.38
MHAS,final,64,451064,wealth,valid,"",9545,6.79999999999996
MHAS,final,65,451065,education,valid,"",9536,3.31
MHAS,final,65,451065,wealth,valid,"",9536,6.81
MHAS,final,66,451066,education,valid,"",9599,3.48000000000002
MHAS,final,66,451066,wealth,valid,"",9599,6.84000000000003
MHAS,final,67,451067,education,valid,"",9566,3.66000000000003
MHAS,final,67,451067,wealth,valid,"",9566,7
MHAS,final,68,451068,education,valid,"",9583,3.29999999999995
MHAS,final,68,451068,wealth,valid,"",9583,6.69999999999999
MHAS,final,69,451069,education,valid,"",9584,3.41999999999996
MHAS,final,69,451069,wealth,valid,"",9584,7
MHAS,final,70,451070,education,valid,"",9649,3.41000000000003
MHAS,final,70,451070,wealth,valid,"",9649,7.13
MHAS,final,71,451071,education,valid,"",9591,3.45999999999998
MHAS,final,71,451071,wealth,valid,"",9591,6.94
MHAS,final,72,451072,education,valid,"",9562,3.34000000000003
MHAS,final,72,451072,wealth,valid,"",9562,6.79999999999996
MHAS,final,73,451073,education,valid,"",9624,3.28999999999996
MHAS,final,73,451073,wealth,valid,"",9624,7.22000000000003
MHAS,final,74,451074,education,valid,"",9556,4.27999999999997
MHAS,final,74,451074,wealth,valid,"",9556,8.82999999999993
MHAS,final,75,451075,education,valid,"",9611,3.96000000000004
MHAS,final,75,451075,wealth,valid,"",9611,7.82000000000005
MHAS,final,76,451076,education,valid,"",9575,3.77999999999997
MHAS,final,76,451076,wealth,valid,"",9575,7.98000000000002
MHAS,final,77,451077,education,valid,"",9592,3.75
MHAS,final,77,451077,wealth,valid,"",9592,7.09000000000003
MHAS,final,78,451078,education,valid,"",9580,3.25
MHAS,final,78,451078,wealth,valid,"",9580,6.69000000000006
MHAS,final,79,451079,education,valid,"",9659,3.28999999999996
MHAS,final,79,451079,wealth,valid,"",9659,6.73000000000002
MHAS,final,80,451080,education,valid,"",9651,3.28999999999996
MHAS,final,80,451080,wealth,valid,"",9651,6.64999999999998
MHAS,final,81,451081,education,valid,"",9580,3.26999999999998
MHAS,final,81,451081,wealth,valid,"",9580,6.72000000000003
MHAS,final,82,451082,education,valid,"",9577,3.21000000000004
MHAS,final,82,451082,wealth,valid,"",9577,6.42999999999995
MHAS,final,83,451083,education,valid,"",9577,3.18999999999994
MHAS,final,83,451083,wealth,valid,"",9577,6.52999999999997
MHAS,final,84,451084,education,valid,"",9690,3.29999999999995
MHAS,final,84,451084,wealth,valid,"",9690,6.61000000000001
MHAS,final,85,451085,education,valid,"",9569,3.19999999999993
MHAS,final,85,451085,wealth,valid,"",9569,6.48000000000002
MHAS,final,86,451086,education,valid,"",9637,3.31999999999994
MHAS,final,86,451086,wealth,valid,"",9637,6.64999999999998
MHAS,final,87,451087,education,valid,"",9624,3.21000000000004
MHAS,final,87,451087,wealth,valid,"",9624,6.59000000000003
MHAS,final,88,451088,education,valid,"",9551,3.20999999999992
MHAS,final,88,451088,wealth,valid,"",9551,6.39999999999998
MHAS,final,89,451089,education,valid,"",9592,3.22000000000003
MHAS,final,89,451089,wealth,valid,"",9592,6.51999999999998
MHAS,final,90,451090,education,valid,"",9604,3.34000000000003
MHAS,final,90,451090,wealth,valid,"",9604,6.68999999999994
MHAS,final,91,451091,education,valid,"",9611,3.2700000000001
MHAS,final,91,451091,wealth,valid,"",9611,6.83000000000004
MHAS,final,92,451092,education,valid,"",9569,3.20000000000005
MHAS,final,92,451092,wealth,valid,"",9569,6.52999999999997
MHAS,final,93,451093,education,valid,"",9588,3.31000000000006
MHAS,final,93,451093,wealth,valid,"",9588,6.48000000000002
MHAS,final,94,451094,education,valid,"",9616,3.13999999999999
MHAS,final,94,451094,wealth,valid,"",9616,6.56000000000006
MHAS,final,95,451095,education,valid,"",9584,3.18999999999994
MHAS,final,95,451095,wealth,valid,"",9584,6.43999999999994
MHAS,final,96,451096,education,valid,"",9634,3.20000000000005
MHAS,final,96,451096,wealth,valid,"",9634,6.40000000000009
MHAS,final,97,451097,education,valid,"",9536,3.16000000000008
MHAS,final,97,451097,wealth,valid,"",9536,6.49000000000001
MHAS,final,98,451098,education,valid,"",9543,3.36000000000001
MHAS,final,98,451098,wealth,valid,"",9543,6.61000000000001
MHAS,final,99,451099,education,valid,"",9548,3.30999999999995
MHAS,final,99,451099,wealth,valid,"",9548,6.53999999999996
MHAS,final,100,451100,education,valid,"",9583,3.25
MHAS,final,100,451100,wealth,valid,"",9583,6.83000000000004
MHAS,final,101,451101,education,valid,"",9611,3.45000000000005
MHAS,final,101,451101,wealth,valid,"",9611,7.11000000000001
MHAS,final,102,451102,education,valid,"",9642,3.45000000000005
MHAS,final,102,451102,wealth,valid,"",9642,7.13999999999999
MHAS,final,103,451103,education,valid,"",9554,3.47000000000003
MHAS,final,103,451103,wealth,valid,"",9554,6.75999999999999
MHAS,final,104,451104,education,valid,"",9516,3.27999999999997
MHAS,final,104,451104,wealth,valid,"",9516,6.81000000000006
MHAS,final,105,451105,education,valid,"",9621,3.43000000000006
MHAS,final,105,451105,wealth,valid,"",9621,6.72000000000003
MHAS,final,106,451106,education,valid,"",9499,3.48000000000002
MHAS,final,106,451106,wealth,valid,"",9499,6.89999999999998
MHAS,final,107,451107,education,valid,"",9633,3.37
MHAS,final,107,451107,wealth,valid,"",9633,6.76000000000011
MHAS,final,108,451108,education,valid,"",9617,3.53000000000009
MHAS,final,108,451108,wealth,valid,"",9617,6.96000000000004
MHAS,final,109,451109,education,valid,"",9563,3.37
MHAS,final,109,451109,wealth,valid,"",9563,6.71000000000004
MHAS,final,110,451110,education,valid,"",9581,3.37
MHAS,final,110,451110,wealth,valid,"",9581,6.76999999999998
MHAS,final,111,451111,education,valid,"",9567,3.28999999999996
MHAS,final,111,451111,wealth,valid,"",9567,6.64999999999998
MHAS,final,112,451112,education,valid,"",9598,3.34000000000003
MHAS,final,112,451112,wealth,valid,"",9598,6.64999999999998
MHAS,final,113,451113,education,valid,"",9653,3.29999999999995
MHAS,final,113,451113,wealth,valid,"",9653,6.68999999999994
MHAS,final,114,451114,education,valid,"",9532,3.62
MHAS,final,114,451114,wealth,valid,"",9532,7.00999999999999
MHAS,final,115,451115,education,valid,"",9549,3.25
MHAS,final,115,451115,wealth,valid,"",9549,6.70000000000005
MHAS,final,116,451116,education,valid,"",9621,3.21999999999991
MHAS,final,116,451116,wealth,valid,"",9621,6.66999999999996
MHAS,final,117,451117,education,valid,"",9577,3.33000000000004
MHAS,final,117,451117,wealth,valid,"",9577,6.84000000000003
MHAS,final,118,451118,education,valid,"",9624,3.42000000000007
MHAS,final,118,451118,wealth,valid,"",9624,6.83000000000004
MHAS,final,119,451119,education,valid,"",9593,3.36000000000001
MHAS,final,119,451119,wealth,valid,"",9593,6.58999999999992
MHAS,final,120,451120,education,valid,"",9668,3.28000000000009
MHAS,final,120,451120,wealth,valid,"",9668,6.55000000000007
MHAS,final,121,451121,education,valid,"",9539,3.17999999999995
MHAS,final,121,451121,wealth,valid,"",9539,6.59999999999991
MHAS,final,122,451122,education,valid,"",9580,3.19000000000005
MHAS,final,122,451122,wealth,valid,"",9580,6.33000000000004
MHAS,final,123,451123,education,valid,"",9510,3.26999999999998
MHAS,final,123,451123,wealth,valid,"",9510,6.5
MHAS,final,124,451124,education,valid,"",9520,3.13999999999999
MHAS,final,124,451124,wealth,valid,"",9520,6.44999999999993
MHAS,final,125,451125,education,valid,"",9676,3.21000000000004
MHAS,final,125,451125,wealth,valid,"",9676,6.42000000000007
MHAS,final,126,451126,education,valid,"",9597,3.48000000000002
MHAS,final,126,451126,wealth,valid,"",9597,6.85000000000002
MHAS,final,127,451127,education,valid,"",9632,3.40999999999997
MHAS,final,127,451127,wealth,valid,"",9632,6.93999999999994
MHAS,final,128,451128,education,valid,"",9608,3.34000000000003
MHAS,final,128,451128,wealth,valid,"",9608,6.84000000000003
MHAS,final,129,451129,education,valid,"",9587,3.41999999999996
MHAS,final,129,451129,wealth,valid,"",9587,6.81999999999994
MHAS,final,130,451130,education,valid,"",9548,3.38999999999999
MHAS,final,130,451130,wealth,valid,"",9548,6.63999999999999
MHAS,final,131,451131,education,valid,"",9642,3.37
MHAS,final,131,451131,wealth,valid,"",9642,6.67000000000007
MHAS,final,132,451132,education,valid,"",9665,3.29999999999995
MHAS,final,132,451132,wealth,valid,"",9665,6.66999999999996
MHAS,final,133,451133,education,valid,"",9623,3.38
MHAS,final,133,451133,wealth,valid,"",9623,6.88999999999999
MHAS,final,134,451134,education,valid,"",9548,3.20000000000005
MHAS,final,134,451134,wealth,valid,"",9548,6.48000000000002
MHAS,final,135,451135,education,valid,"",9632,3.16999999999996
MHAS,final,135,451135,wealth,valid,"",9632,6.47000000000003
MHAS,final,136,451136,education,valid,"",9620,3.20999999999992
MHAS,final,136,451136,wealth,valid,"",9620,6.54999999999996
MHAS,final,137,451137,education,valid,"",9529,3.53999999999996
MHAS,final,137,451137,wealth,valid,"",9529,6.87000000000001
MHAS,final,138,451138,education,valid,"",9608,3.27999999999997
MHAS,final,138,451138,wealth,valid,"",9608,6.57999999999993
MHAS,final,139,451139,education,valid,"",9602,3.19000000000005
MHAS,final,139,451139,wealth,valid,"",9602,6.56000000000006
MHAS,final,140,451140,education,valid,"",9562,3.52999999999997
MHAS,final,140,451140,wealth,valid,"",9562,6.88999999999999
MHAS,final,141,451141,education,valid,"",9657,3.25
MHAS,final,141,451141,wealth,valid,"",9657,6.63999999999999
MHAS,final,142,451142,education,valid,"",9594,3.47000000000003
MHAS,final,142,451142,wealth,valid,"",9594,6.95000000000005
MHAS,final,143,451143,education,valid,"",9612,3.5
MHAS,final,143,451143,wealth,valid,"",9612,7.18000000000006
MHAS,final,144,451144,education,valid,"",9491,3.48000000000002
MHAS,final,144,451144,wealth,valid,"",9491,7.05999999999995
MHAS,final,145,451145,education,valid,"",9635,3.6400000000001
MHAS,final,145,451145,wealth,valid,"",9635,7.32000000000005
MHAS,final,146,451146,education,valid,"",9561,3.61999999999989
MHAS,final,146,451146,wealth,valid,"",9561,7.16999999999985
MHAS,final,147,451147,education,valid,"",9657,3.66000000000008
MHAS,final,147,451147,wealth,valid,"",9657,7.16000000000008
MHAS,final,148,451148,education,valid,"",9566,3.83999999999992
MHAS,final,148,451148,wealth,valid,"",9566,7.78999999999996
MHAS,final,149,451149,education,valid,"",9558,3.83999999999992
MHAS,final,149,451149,wealth,valid,"",9558,7.61999999999989
MHAS,final,150,451150,education,valid,"",9658,3.65999999999985
MHAS,final,150,451150,wealth,valid,"",9658,7.3599999999999
MHAS,final,151,451151,education,valid,"",9575,3.58999999999992
MHAS,final,151,451151,wealth,valid,"",9575,6.98000000000002
MHAS,final,152,451152,education,valid,"",9650,3.41000000000008
MHAS,final,152,451152,wealth,valid,"",9650,6.91000000000008
MHAS,final,153,451153,education,valid,"",9611,3.58000000000015
MHAS,final,153,451153,wealth,valid,"",9611,6.98000000000002
MHAS,final,154,451154,education,valid,"",9554,3.50999999999999
MHAS,final,154,451154,wealth,valid,"",9554,7.00999999999999
MHAS,final,155,451155,education,valid,"",9657,3.48000000000002
MHAS,final,155,451155,wealth,valid,"",9657,7.15000000000009
MHAS,final,156,451156,education,valid,"",9580,3.44000000000005
MHAS,final,156,451156,wealth,valid,"",9580,6.91000000000008
MHAS,final,157,451157,education,valid,"",9642,3.42000000000007
MHAS,final,157,451157,wealth,valid,"",9642,6.95000000000005
MHAS,final,158,451158,education,valid,"",9627,3.76999999999998
MHAS,final,158,451158,wealth,valid,"",9627,7.27999999999997
MHAS,final,159,451159,education,valid,"",9616,3.44000000000005
MHAS,final,159,451159,wealth,valid,"",9616,6.98000000000002
MHAS,final,160,451160,education,valid,"",9548,3.47000000000003
MHAS,final,160,451160,wealth,valid,"",9548,7.08999999999992
MHAS,final,161,451161,education,valid,"",9608,3.62000000000012
MHAS,final,161,451161,wealth,valid,"",9608,7.1400000000001
MHAS,final,162,451162,education,valid,"",9548,3.54999999999995
MHAS,final,162,451162,wealth,valid,"",9548,7.07999999999993
MHAS,final,163,451163,education,valid,"",9663,3.6400000000001
MHAS,final,163,451163,wealth,valid,"",9663,7.42000000000007
MHAS,final,164,451164,education,valid,"",9626,3.75999999999999
MHAS,final,164,451164,wealth,valid,"",9626,7.50999999999999
MHAS,final,165,451165,education,valid,"",9599,3.69000000000005
MHAS,final,165,451165,wealth,valid,"",9599,7.33999999999992
MHAS,final,166,451166,education,valid,"",9577,3.81999999999994
MHAS,final,166,451166,wealth,valid,"",9577,7.37999999999988
MHAS,final,167,451167,education,valid,"",9617,3.50999999999999
MHAS,final,167,451167,wealth,valid,"",9617,6.86999999999989
MHAS,final,168,451168,education,valid,"",9570,3.33999999999992
MHAS,final,168,451168,wealth,valid,"",9570,6.77999999999997
MHAS,final,169,451169,education,valid,"",9608,3.38999999999987
MHAS,final,169,451169,wealth,valid,"",9608,6.92999999999984
MHAS,final,170,451170,education,valid,"",9591,3.52999999999997
MHAS,final,170,451170,wealth,valid,"",9591,6.93999999999983
MHAS,final,171,451171,education,valid,"",9574,3.42000000000007
MHAS,final,171,451171,wealth,valid,"",9574,6.92000000000007
MHAS,final,172,451172,education,valid,"",9543,3.31999999999994
MHAS,final,172,451172,wealth,valid,"",9543,6.69000000000006
MHAS,final,173,451173,education,valid,"",9577,3.32000000000016
MHAS,final,173,451173,wealth,valid,"",9577,6.68000000000006
MHAS,final,174,451174,education,valid,"",9529,3.33999999999992
MHAS,final,174,451174,wealth,valid,"",9529,6.75
MHAS,final,175,451175,education,valid,"",9526,3.42000000000007
MHAS,final,175,451175,wealth,valid,"",9526,6.82999999999993
MHAS,final,176,451176,education,valid,"",9570,3.33999999999992
MHAS,final,176,451176,wealth,valid,"",9570,6.73000000000002
MHAS,final,177,451177,education,valid,"",9645,3.45999999999981
MHAS,final,177,451177,wealth,valid,"",9645,6.95999999999981
MHAS,final,178,451178,education,valid,"",9541,3.25
MHAS,final,178,451178,wealth,valid,"",9541,6.45000000000005
MHAS,final,179,451179,education,valid,"",9571,3.47000000000003
MHAS,final,179,451179,wealth,valid,"",9571,7.47000000000003
MHAS,final,180,451180,education,valid,"",9576,3.43999999999983
MHAS,final,180,451180,wealth,valid,"",9576,6.7199999999998
MHAS,final,181,451181,education,valid,"",9636,3.30999999999995
MHAS,final,181,451181,wealth,valid,"",9636,6.58999999999992
MHAS,final,182,451182,education,valid,"",9577,3.25
MHAS,final,182,451182,wealth,valid,"",9577,6.88999999999987
MHAS,final,183,451183,education,valid,"",9586,4.19000000000005
MHAS,final,183,451183,wealth,valid,"",9586,7.68000000000006
MHAS,final,184,451184,education,valid,"",9535,3.38000000000011
MHAS,final,184,451184,wealth,valid,"",9535,6.69000000000006
MHAS,final,185,451185,education,valid,"",9715,3.28999999999996
MHAS,final,185,451185,wealth,valid,"",9715,6.6400000000001
MHAS,final,186,451186,education,valid,"",9512,3.30000000000018
MHAS,final,186,451186,wealth,valid,"",9512,6.59000000000015
MHAS,final,187,451187,education,valid,"",9548,3.26999999999998
MHAS,final,187,451187,wealth,valid,"",9548,6.51999999999998
MHAS,final,188,451188,education,valid,"",9518,3.28999999999996
MHAS,final,188,451188,wealth,valid,"",9518,6.64999999999986
MHAS,final,189,451189,education,valid,"",9590,3.31999999999994
MHAS,final,189,451189,wealth,valid,"",9590,6.6099999999999
MHAS,final,190,451190,education,valid,"",9622,3.39999999999986
MHAS,final,190,451190,wealth,valid,"",9622,6.75
MHAS,final,191,451191,education,valid,"",9521,3.27999999999997
MHAS,final,191,451191,wealth,valid,"",9521,6.54999999999996
MHAS,final,192,451192,education,valid,"",9613,3.23000000000002
MHAS,final,192,451192,wealth,valid,"",9613,6.52999999999997
MHAS,final,193,451193,education,valid,"",9573,3.27999999999997
MHAS,final,193,451193,wealth,valid,"",9573,6.57999999999993
MHAS,final,194,451194,education,valid,"",9577,3.27999999999997
MHAS,final,194,451194,wealth,valid,"",9577,6.72000000000003
MHAS,final,195,451195,education,valid,"",9640,3.25999999999999
MHAS,final,195,451195,wealth,valid,"",9640,6.55999999999995
MHAS,final,196,451196,education,valid,"",9609,3.43999999999983
MHAS,final,196,451196,wealth,valid,"",9609,6.80999999999995
MHAS,final,197,451197,education,valid,"",9585,3.33000000000015
MHAS,final,197,451197,wealth,valid,"",9585,6.66000000000008
MHAS,final,198,451198,education,valid,"",9640,3.20000000000005
MHAS,final,198,451198,wealth,valid,"",9640,6.67000000000007
MHAS,final,199,451199,education,valid,"",9639,3.88999999999987
MHAS,final,199,451199,wealth,valid,"",9639,7.18999999999983
MHAS,final,200,451200,education,valid,"",9579,3.32999999999993
MHAS,final,200,451200,wealth,valid,"",9579,6.74000000000001
MHAS,final,201,451201,education,valid,"",9564,3.25
MHAS,final,201,451201,wealth,valid,"",9564,6.49000000000001
MHAS,final,202,451202,education,valid,"",9530,3.28999999999996
MHAS,final,202,451202,wealth,valid,"",9530,6.56999999999994
MHAS,final,203,451203,education,valid,"",9612,3.29999999999995
MHAS,final,203,451203,wealth,valid,"",9612,6.54999999999996
MHAS,final,204,451204,education,valid,"",9634,3.25999999999999
MHAS,final,204,451204,wealth,valid,"",9634,6.52999999999997
MHAS,final,205,451205,education,valid,"",9601,3.21000000000004
MHAS,final,205,451205,wealth,valid,"",9601,6.5
MHAS,final,206,451206,education,valid,"",9622,3.30000000000018
MHAS,final,206,451206,wealth,valid,"",9622,6.6400000000001
MHAS,final,207,451207,education,valid,"",9615,3.28999999999996
MHAS,final,207,451207,wealth,valid,"",9615,6.75
MHAS,final,208,451208,education,valid,"",9589,3.28999999999996
MHAS,final,208,451208,wealth,valid,"",9589,6.57999999999993
MHAS,final,209,451209,education,valid,"",9580,3.25
MHAS,final,209,451209,wealth,valid,"",9580,6.47000000000003
MHAS,final,210,451210,education,valid,"",9619,3.34000000000015
MHAS,final,210,451210,wealth,valid,"",9619,6.62000000000012
MHAS,final,211,451211,education,valid,"",9593,3.29999999999995
MHAS,final,211,451211,wealth,valid,"",9593,6.6400000000001
MHAS,final,212,451212,education,valid,"",9655,3.8900000000001
MHAS,final,212,451212,wealth,valid,"",9655,7.53999999999996
MHAS,final,213,451213,education,valid,"",9611,3.75
MHAS,final,213,451213,wealth,valid,"",9611,7.45000000000005
MHAS,final,214,451214,education,valid,"",9659,3.76999999999998
MHAS,final,214,451214,wealth,valid,"",9659,7.66000000000008
MHAS,final,215,451215,education,valid,"",9560,3.5
MHAS,final,215,451215,wealth,valid,"",9560,6.96000000000004
MHAS,final,216,451216,education,valid,"",9623,3.43000000000006
MHAS,final,216,451216,wealth,valid,"",9623,6.8599999999999
MHAS,final,217,451217,education,valid,"",9517,3.32999999999993
MHAS,final,217,451217,wealth,valid,"",9517,6.63999999999987
MHAS,final,218,451218,education,valid,"",9561,3.25
MHAS,final,218,451218,wealth,valid,"",9561,6.66999999999985
MHAS,final,219,451219,education,valid,"",9524,3.09999999999991
MHAS,final,219,451219,wealth,valid,"",9524,6.27999999999997
MHAS,final,220,451220,education,valid,"",9585,3.39999999999986
MHAS,final,220,451220,wealth,valid,"",9585,6.73000000000002
MHAS,final,221,451221,education,valid,"",9631,3.30999999999995
MHAS,final,221,451221,wealth,valid,"",9631,6.67000000000007
MHAS,final,222,451222,education,valid,"",9593,3.26999999999998
MHAS,final,222,451222,wealth,valid,"",9593,6.69000000000006
MHAS,final,223,451223,education,valid,"",9663,3.91999999999985
MHAS,final,223,451223,wealth,valid,"",9663,7.69999999999982
MHAS,final,224,451224,education,valid,"",9487,4.23000000000002
MHAS,final,224,451224,wealth,valid,"",9487,8.03999999999996
MHAS,final,225,451225,education,valid,"",9553,3.6099999999999
MHAS,final,225,451225,wealth,valid,"",9553,7.02999999999997
MHAS,final,226,451226,education,valid,"",9581,3.32000000000016
MHAS,final,226,451226,wealth,valid,"",9581,6.79999999999996
MHAS,final,227,451227,education,valid,"",9511,3.37999999999988
MHAS,final,227,451227,wealth,valid,"",9511,6.70000000000005
MHAS,final,228,451228,education,valid,"",9615,3.35000000000014
MHAS,final,228,451228,wealth,valid,"",9615,6.69000000000006
MHAS,final,229,451229,education,valid,"",9604,3.25999999999999
MHAS,final,229,451229,wealth,valid,"",9604,6.5
MHAS,final,230,451230,education,valid,"",9608,3.25
MHAS,final,230,451230,wealth,valid,"",9608,6.47000000000003
MHAS,final,231,451231,education,valid,"",9627,3.23000000000002
MHAS,final,231,451231,wealth,valid,"",9627,6.52999999999997
MHAS,final,232,451232,education,valid,"",9632,3.42000000000007
MHAS,final,232,451232,wealth,valid,"",9632,6.72000000000003
MHAS,final,233,451233,education,valid,"",9516,3.19000000000005
MHAS,final,233,451233,wealth,valid,"",9516,6.55999999999995
MHAS,final,234,451234,education,valid,"",9615,3.3900000000001
MHAS,final,234,451234,wealth,valid,"",9615,6.67000000000007
MHAS,final,235,451235,education,valid,"",9584,3.34000000000015
MHAS,final,235,451235,wealth,valid,"",9584,7.1400000000001
MHAS,final,236,451236,education,valid,"",9568,3.2199999999998
MHAS,final,236,451236,wealth,valid,"",9568,6.50999999999999
MHAS,final,237,451237,education,valid,"",9601,3.27999999999997
MHAS,final,237,451237,wealth,valid,"",9601,6.90000000000009
MHAS,final,238,451238,education,valid,"",9573,3.25
MHAS,final,238,451238,wealth,valid,"",9573,6.52999999999997
MHAS,final,239,451239,education,valid,"",9585,3.27999999999997
MHAS,final,239,451239,wealth,valid,"",9585,6.66999999999985
MHAS,final,240,451240,education,valid,"",9607,3.20000000000005
MHAS,final,240,451240,wealth,valid,"",9607,6.5
MHAS,final,241,451241,education,valid,"",9606,3.36999999999989
MHAS,final,241,451241,wealth,valid,"",9606,6.64999999999986
MHAS,final,242,451242,education,valid,"",9569,3.22000000000003
MHAS,final,242,451242,wealth,valid,"",9569,6.57999999999993
MHAS,final,243,451243,education,failed,nonconvergent/nonfinite model,9621,2.17000000000007
MHAS,final,243,451243,wealth,failed,nonconvergent/nonfinite model,9621,4.33000000000015
MHAS,final,244,451244,education,valid,"",9569,3.46000000000004
MHAS,final,244,451244,wealth,valid,"",9569,6.75
MHAS,final,245,451245,education,valid,"",9624,3.18999999999983
MHAS,final,245,451245,wealth,valid,"",9624,6.42999999999984
MHAS,final,246,451246,education,valid,"",9520,3.44000000000005
MHAS,final,246,451246,wealth,valid,"",9520,6.67000000000007
MHAS,final,247,451247,education,valid,"",9524,3.24000000000001
MHAS,final,247,451247,wealth,valid,"",9524,6.74000000000001
MHAS,final,248,451248,education,valid,"",9562,3.34999999999991
MHAS,final,248,451248,wealth,valid,"",9562,6.62999999999988
MHAS,final,249,451249,education,valid,"",9631,3.25999999999999
MHAS,final,249,451249,wealth,valid,"",9631,6.75
MHAS,final,250,451250,education,valid,"",9558,3.17000000000007
MHAS,final,250,451250,wealth,valid,"",9558,6.43000000000006
MHAS,final,251,451251,education,valid,"",9578,3.2800000000002
MHAS,final,251,451251,wealth,valid,"",9578,7.06000000000017
MHAS,final,252,451252,education,valid,"",9582,3.90000000000009
MHAS,final,252,451252,wealth,valid,"",9582,7.60000000000014
MHAS,final,253,451253,education,valid,"",9600,3.77999999999997
MHAS,final,253,451253,wealth,valid,"",9600,7.47000000000003
MHAS,final,254,451254,education,valid,"",9569,3.75
MHAS,final,254,451254,wealth,valid,"",9569,7.1099999999999
MHAS,final,255,451255,education,valid,"",9544,3.34999999999991
MHAS,final,255,451255,wealth,valid,"",9544,6.55999999999995
MHAS,final,256,451256,education,valid,"",9599,3.17000000000007
MHAS,final,256,451256,wealth,valid,"",9599,6.3900000000001
MHAS,final,257,451257,education,valid,"",9550,3.2800000000002
MHAS,final,257,451257,wealth,valid,"",9550,6.59000000000015
MHAS,final,258,451258,education,valid,"",9573,3.55000000000018
MHAS,final,258,451258,wealth,valid,"",9573,6.86000000000013
MHAS,final,259,451259,education,valid,"",9628,3.25
MHAS,final,259,451259,wealth,valid,"",9628,6.83000000000016
MHAS,final,260,451260,education,valid,"",9543,3.28999999999996
MHAS,final,260,451260,wealth,valid,"",9543,6.52999999999997
MHAS,final,261,451261,education,valid,"",9573,3.5
MHAS,final,261,451261,wealth,valid,"",9573,7.04999999999996
MHAS,final,262,451262,education,valid,"",9519,3.59000000000015
MHAS,final,262,451262,wealth,valid,"",9519,6.86000000000013
MHAS,final,263,451263,education,valid,"",9584,3.35000000000014
MHAS,final,263,451263,wealth,valid,"",9584,6.65000000000009
MHAS,final,264,451264,education,valid,"",9590,3.25
MHAS,final,264,451264,wealth,valid,"",9590,6.59000000000015
MHAS,final,265,451265,education,valid,"",9598,3.20000000000005
MHAS,final,265,451265,wealth,valid,"",9598,6.81000000000017
MHAS,final,266,451266,education,valid,"",9646,3.17000000000007
MHAS,final,266,451266,wealth,valid,"",9646,6.49000000000001
MHAS,final,267,451267,education,valid,"",9557,3.26999999999998
MHAS,final,267,451267,wealth,valid,"",9557,6.79999999999996
MHAS,final,268,451268,education,valid,"",9583,3.22000000000003
MHAS,final,268,451268,wealth,valid,"",9583,6.48000000000002
MHAS,final,269,451269,education,valid,"",9647,3.38999999999987
MHAS,final,269,451269,wealth,valid,"",9647,6.77999999999997
MHAS,final,270,451270,education,valid,"",9638,3.29999999999995
MHAS,final,270,451270,wealth,valid,"",9638,6.54999999999996
MHAS,final,271,451271,education,valid,"",9539,3.26999999999998
MHAS,final,271,451271,wealth,valid,"",9539,6.58999999999992
MHAS,final,272,451272,education,valid,"",9626,3.26999999999998
MHAS,final,272,451272,wealth,valid,"",9626,6.47000000000003
MHAS,final,273,451273,education,valid,"",9596,3.47000000000003
MHAS,final,273,451273,wealth,valid,"",9596,7.24000000000001
MHAS,final,274,451274,education,valid,"",9538,3.47000000000003
MHAS,final,274,451274,wealth,valid,"",9538,7
MHAS,final,275,451275,education,valid,"",9564,3.3599999999999
MHAS,final,275,451275,wealth,valid,"",9564,6.95000000000005
MHAS,final,276,451276,education,valid,"",9569,3.36000000000013
MHAS,final,276,451276,wealth,valid,"",9569,6.86000000000013
MHAS,final,277,451277,education,valid,"",9532,3.36000000000013
MHAS,final,277,451277,wealth,valid,"",9532,6.67000000000007
MHAS,final,278,451278,education,valid,"",9585,3.54000000000019
MHAS,final,278,451278,wealth,valid,"",9585,6.98000000000002
MHAS,final,279,451279,education,valid,"",9583,3.29999999999995
MHAS,final,279,451279,wealth,valid,"",9583,6.75
MHAS,final,280,451280,education,valid,"",9583,3.56000000000017
MHAS,final,280,451280,wealth,valid,"",9583,7.01999999999998
MHAS,final,281,451281,education,valid,"",9598,3.34999999999991
MHAS,final,281,451281,wealth,valid,"",9598,6.74000000000001
MHAS,final,282,451282,education,valid,"",9641,3.44000000000005
MHAS,final,282,451282,wealth,valid,"",9641,6.81000000000017
MHAS,final,283,451283,education,valid,"",9525,3.3900000000001
MHAS,final,283,451283,wealth,valid,"",9525,6.83000000000016
MHAS,final,284,451284,education,valid,"",9585,3.45000000000005
MHAS,final,284,451284,wealth,valid,"",9585,6.84999999999991
MHAS,final,285,451285,education,valid,"",9665,3.37999999999988
MHAS,final,285,451285,wealth,valid,"",9665,6.8599999999999
MHAS,final,286,451286,education,valid,"",9618,3.45000000000005
MHAS,final,286,451286,wealth,valid,"",9618,6.82000000000016
MHAS,final,287,451287,education,valid,"",9612,3.48000000000002
MHAS,final,287,451287,wealth,valid,"",9612,6.97000000000003
MHAS,final,288,451288,education,valid,"",9615,3.38999999999987
MHAS,final,288,451288,wealth,valid,"",9615,6.80999999999995
MHAS,final,289,451289,education,valid,"",9627,3.33000000000015
MHAS,final,289,451289,wealth,valid,"",9627,6.6400000000001
MHAS,final,290,451290,education,valid,"",9582,3.6099999999999
MHAS,final,290,451290,wealth,valid,"",9582,7.13999999999987
MHAS,final,291,451291,education,valid,"",9600,3.3599999999999
MHAS,final,291,451291,wealth,valid,"",9600,6.74000000000001
MHAS,final,292,451292,education,valid,"",9587,3.29999999999995
MHAS,final,292,451292,wealth,valid,"",9587,6.99000000000024
MHAS,final,293,451293,education,valid,"",9594,3.69000000000005
MHAS,final,293,451293,wealth,valid,"",9594,7.40000000000009
MHAS,final,294,451294,education,valid,"",9577,3.76999999999998
MHAS,final,294,451294,wealth,valid,"",9577,7.69000000000006
MHAS,final,295,451295,education,valid,"",9591,3.92999999999984
MHAS,final,295,451295,wealth,valid,"",9591,7.84999999999991
MHAS,final,296,451296,education,valid,"",9632,3.83000000000038
MHAS,final,296,451296,wealth,valid,"",9632,7.94000000000006
MHAS,final,297,451297,education,valid,"",9565,3.82999999999993
MHAS,final,297,451297,wealth,valid,"",9565,7.76999999999998
MHAS,final,298,451298,education,valid,"",9601,3.80999999999995
MHAS,final,298,451298,wealth,valid,"",9601,7.67000000000007
MHAS,final,299,451299,education,valid,"",9639,3.88999999999987
MHAS,final,299,451299,wealth,valid,"",9639,7.67000000000007
MHAS,final,300,451300,education,valid,"",9637,3.84000000000015
MHAS,final,300,451300,wealth,valid,"",9637,7.65000000000009
MHAS,final,301,451301,education,valid,"",9490,3.76999999999998
MHAS,final,301,451301,wealth,valid,"",9490,7.5300000000002
MHAS,final,302,451302,education,valid,"",9626,3.80000000000018
MHAS,final,302,451302,wealth,valid,"",9626,7.69000000000006
MHAS,final,303,451303,education,valid,"",9589,3.86000000000013
MHAS,final,303,451303,wealth,valid,"",9589,7.82999999999993
MHAS,final,304,451304,education,valid,"",9634,3.80999999999995
MHAS,final,304,451304,wealth,valid,"",9634,7.55999999999995
MHAS,final,305,451305,education,valid,"",9598,4.0300000000002
MHAS,final,305,451305,wealth,valid,"",9598,7.88000000000011
MHAS,final,306,451306,education,valid,"",9609,3.80999999999995
MHAS,final,306,451306,wealth,valid,"",9609,7.80999999999995
MHAS,final,307,451307,education,valid,"",9543,3.90999999999985
MHAS,final,307,451307,wealth,valid,"",9543,7.82999999999993
MHAS,final,308,451308,education,valid,"",9658,3.82999999999993
MHAS,final,308,451308,wealth,valid,"",9658,7.69000000000006
MHAS,final,309,451309,education,valid,"",9550,3.82000000000016
MHAS,final,309,451309,wealth,valid,"",9550,7.73000000000002
MHAS,final,310,451310,education,valid,"",9623,3.87999999999965
MHAS,final,310,451310,wealth,valid,"",9623,7.69999999999982
MHAS,final,311,451311,education,valid,"",9565,4
MHAS,final,311,451311,wealth,valid,"",9565,8.05999999999995
MHAS,final,312,451312,education,valid,"",9560,3.82999999999993
MHAS,final,312,451312,wealth,valid,"",9560,7.76999999999998
MHAS,final,313,451313,education,valid,"",9562,3.88000000000011
MHAS,final,313,451313,wealth,valid,"",9562,7.67000000000007
MHAS,final,314,451314,education,valid,"",9577,3.82000000000016
MHAS,final,314,451314,wealth,valid,"",9577,7.59999999999991
MHAS,final,315,451315,education,valid,"",9618,3.7199999999998
MHAS,final,315,451315,wealth,valid,"",9618,7.53999999999996
MHAS,final,316,451316,education,valid,"",9631,3.75
MHAS,final,316,451316,wealth,valid,"",9631,7.67999999999984
MHAS,final,317,451317,education,valid,"",9588,3.78999999999996
MHAS,final,317,451317,wealth,valid,"",9588,7.72000000000026
MHAS,final,318,451318,education,valid,"",9589,3.86999999999989
MHAS,final,318,451318,wealth,valid,"",9589,7.46000000000004
MHAS,final,319,451319,education,valid,"",9606,3.82999999999993
MHAS,final,319,451319,wealth,valid,"",9606,7.80999999999995
MHAS,final,320,451320,education,valid,"",9549,3.80999999999995
MHAS,final,320,451320,wealth,valid,"",9549,7.69999999999982
MHAS,final,321,451321,education,valid,"",9594,3.82999999999993
MHAS,final,321,451321,wealth,valid,"",9594,7.69000000000006
MHAS,final,322,451322,education,valid,"",9560,3.86000000000013
MHAS,final,322,451322,wealth,valid,"",9560,7.69999999999982
MHAS,final,323,451323,education,valid,"",9590,3.82999999999993
MHAS,final,323,451323,wealth,valid,"",9590,7.75
MHAS,final,324,451324,education,valid,"",9597,3.76999999999998
MHAS,final,324,451324,wealth,valid,"",9597,7.7199999999998
MHAS,final,325,451325,education,valid,"",9581,3.76999999999998
MHAS,final,325,451325,wealth,valid,"",9581,7.59999999999991
MHAS,final,326,451326,education,valid,"",9566,4.01999999999998
MHAS,final,326,451326,wealth,valid,"",9566,7.85999999999967
MHAS,final,327,451327,education,valid,"",9554,3.94999999999982
MHAS,final,327,451327,wealth,valid,"",9554,7.86999999999989
MHAS,final,328,451328,education,valid,"",9631,3.89000000000033
MHAS,final,328,451328,wealth,valid,"",9631,7.80999999999995
MHAS,final,329,451329,education,valid,"",9554,3.88999999999987
MHAS,final,329,451329,wealth,valid,"",9554,7.78999999999996
MHAS,final,330,451330,education,valid,"",9630,4.01999999999998
MHAS,final,330,451330,wealth,valid,"",9630,7.82999999999993
MHAS,final,331,451331,education,valid,"",9578,3.85999999999967
MHAS,final,331,451331,wealth,valid,"",9578,7.82999999999993
MHAS,final,332,451332,education,valid,"",9683,3.78999999999996
MHAS,final,332,451332,wealth,valid,"",9683,7.67000000000007
MHAS,final,333,451333,education,valid,"",9577,3.86000000000013
MHAS,final,333,451333,wealth,valid,"",9577,7.80000000000018
MHAS,final,334,451334,education,valid,"",9550,3.85999999999967
MHAS,final,334,451334,wealth,valid,"",9550,7.69999999999982
MHAS,final,335,451335,education,valid,"",9624,3.94000000000005
MHAS,final,335,451335,wealth,valid,"",9624,7.84000000000015
MHAS,final,336,451336,education,valid,"",9585,3.98000000000002
MHAS,final,336,451336,wealth,valid,"",9585,7.83000000000038
MHAS,final,337,451337,education,valid,"",9594,3.78999999999996
MHAS,final,337,451337,wealth,valid,"",9594,7.57999999999993
MHAS,final,338,451338,education,valid,"",9577,3.85000000000036
MHAS,final,338,451338,wealth,valid,"",9577,7.86000000000013
MHAS,final,339,451339,education,valid,"",9574,3.75
MHAS,final,339,451339,wealth,valid,"",9574,7.83000000000038
MHAS,final,340,451340,education,valid,"",9571,3.86999999999989
MHAS,final,340,451340,wealth,valid,"",9571,7.7199999999998
MHAS,final,341,451341,education,valid,"",9673,3.7199999999998
MHAS,final,341,451341,wealth,valid,"",9673,7.4699999999998
MHAS,final,342,451342,education,valid,"",9633,3.76999999999998
MHAS,final,342,451342,wealth,valid,"",9633,7.60000000000036
MHAS,final,343,451343,education,valid,"",9566,3.76999999999998
MHAS,final,343,451343,wealth,valid,"",9566,7.51999999999998
MHAS,final,344,451344,education,valid,"",9623,3.65999999999985
MHAS,final,344,451344,wealth,valid,"",9623,7.55000000000018
MHAS,final,345,451345,education,valid,"",9548,3.88000000000011
MHAS,final,345,451345,wealth,valid,"",9548,7.82999999999993
MHAS,final,346,451346,education,valid,"",9632,3.82999999999993
MHAS,final,346,451346,wealth,valid,"",9632,7.82999999999993
MHAS,final,347,451347,education,valid,"",9552,3.88000000000011
MHAS,final,347,451347,wealth,valid,"",9552,7.82000000000016
MHAS,final,348,451348,education,valid,"",9606,3.88999999999987
MHAS,final,348,451348,wealth,valid,"",9606,7.75
MHAS,final,349,451349,education,valid,"",9581,4.05000000000018
MHAS,final,349,451349,wealth,valid,"",9581,7.97000000000026
MHAS,final,350,451350,education,valid,"",9595,3.78999999999996
MHAS,final,350,451350,wealth,valid,"",9595,7.86999999999989
MHAS,final,351,451351,education,valid,"",9521,3.86000000000013
MHAS,final,351,451351,wealth,valid,"",9521,7.70000000000027
MHAS,final,352,451352,education,valid,"",9589,3.80999999999995
MHAS,final,352,451352,wealth,valid,"",9589,7.67000000000007
MHAS,final,353,451353,education,valid,"",9585,3.86000000000013
MHAS,final,353,451353,wealth,valid,"",9585,7.82999999999993
MHAS,final,354,451354,education,valid,"",9612,3.94999999999982
MHAS,final,354,451354,wealth,valid,"",9612,7.88999999999987
MHAS,final,355,451355,education,valid,"",9557,3.80000000000018
MHAS,final,355,451355,wealth,valid,"",9557,7.61000000000013
MHAS,final,356,451356,education,valid,"",9581,3.73000000000002
MHAS,final,356,451356,wealth,valid,"",9581,7.62000000000035
MHAS,final,357,451357,education,valid,"",9619,3.88999999999987
MHAS,final,357,451357,wealth,valid,"",9619,7.94000000000006
MHAS,final,358,451358,education,valid,"",9616,3.7800000000002
MHAS,final,358,451358,wealth,valid,"",9616,7.67000000000007
MHAS,final,359,451359,education,valid,"",9528,3.94000000000005
MHAS,final,359,451359,wealth,valid,"",9528,7.84000000000015
MHAS,final,360,451360,education,valid,"",9581,3.86000000000013
MHAS,final,360,451360,wealth,valid,"",9581,7.92000000000007
MHAS,final,361,451361,education,valid,"",9549,3.82000000000016
MHAS,final,361,451361,wealth,valid,"",9549,7.63000000000011
MHAS,final,362,451362,education,valid,"",9614,3.87000000000035
MHAS,final,362,451362,wealth,valid,"",9614,7.69000000000006
MHAS,final,363,451363,education,valid,"",9570,4
MHAS,final,363,451363,wealth,valid,"",9570,7.82999999999993
MHAS,final,364,451364,education,valid,"",9557,3.78999999999996
MHAS,final,364,451364,wealth,valid,"",9557,7.67999999999984
MHAS,final,365,451365,education,valid,"",9552,3.84000000000015
MHAS,final,365,451365,wealth,valid,"",9552,7.80999999999995
MHAS,final,366,451366,education,valid,"",9591,3.82999999999993
MHAS,final,366,451366,wealth,valid,"",9591,7.73000000000002
MHAS,final,367,451367,education,valid,"",9640,3.78999999999996
MHAS,final,367,451367,wealth,valid,"",9640,7.63000000000011
MHAS,final,368,451368,education,valid,"",9610,3.86000000000013
MHAS,final,368,451368,wealth,valid,"",9610,7.75
MHAS,final,369,451369,education,valid,"",9555,3.84000000000015
MHAS,final,369,451369,wealth,valid,"",9555,7.72000000000026
MHAS,final,370,451370,education,valid,"",9603,3.90999999999985
MHAS,final,370,451370,wealth,valid,"",9603,7.82999999999993
MHAS,final,371,451371,education,valid,"",9635,3.80999999999995
MHAS,final,371,451371,wealth,valid,"",9635,7.80000000000018
MHAS,final,372,451372,education,valid,"",9586,3.86999999999989
MHAS,final,372,451372,wealth,valid,"",9586,7.72000000000026
MHAS,final,373,451373,education,valid,"",9554,3.94000000000005
MHAS,final,373,451373,wealth,valid,"",9554,7.86000000000013
MHAS,final,374,451374,education,valid,"",9594,3.87000000000035
MHAS,final,374,451374,wealth,valid,"",9594,7.92000000000007
MHAS,final,375,451375,education,valid,"",9592,3.92000000000007
MHAS,final,375,451375,wealth,valid,"",9592,7.90000000000009
MHAS,final,376,451376,education,valid,"",9548,3.82999999999993
MHAS,final,376,451376,wealth,valid,"",9548,7.87999999999965
MHAS,final,377,451377,education,valid,"",9600,3.69000000000005
MHAS,final,377,451377,wealth,valid,"",9600,7.38999999999987
MHAS,final,378,451378,education,valid,"",9568,3.80000000000018
MHAS,final,378,451378,wealth,valid,"",9568,7.51999999999998
MHAS,final,379,451379,education,valid,"",9596,3.78999999999996
MHAS,final,379,451379,wealth,valid,"",9596,7.64999999999964
MHAS,final,380,451380,education,valid,"",9516,3.60999999999967
MHAS,final,380,451380,wealth,valid,"",9516,7.25
MHAS,final,381,451381,education,valid,"",9542,3.61000000000013
MHAS,final,381,451381,wealth,valid,"",9542,6.98000000000002
MHAS,final,382,451382,education,valid,"",9525,3.34000000000015
MHAS,final,382,451382,wealth,valid,"",9525,6.74000000000024
MHAS,final,383,451383,education,valid,"",9693,3.36000000000013
MHAS,final,383,451383,wealth,valid,"",9693,6.78999999999996
MHAS,final,384,451384,education,valid,"",9566,3.36000000000013
MHAS,final,384,451384,wealth,valid,"",9566,6.93000000000029
MHAS,final,385,451385,education,valid,"",9597,3.36000000000013
MHAS,final,385,451385,wealth,valid,"",9597,6.71000000000004
MHAS,final,386,451386,education,valid,"",9659,3.40000000000009
MHAS,final,386,451386,wealth,valid,"",9659,6.90000000000009
MHAS,final,387,451387,education,valid,"",9602,3.34000000000015
MHAS,final,387,451387,wealth,valid,"",9602,6.70000000000027
MHAS,final,388,451388,education,valid,"",9651,3.35999999999967
MHAS,final,388,451388,wealth,valid,"",9651,6.75999999999976
MHAS,final,389,451389,education,valid,"",9633,3.49000000000024
MHAS,final,389,451389,wealth,valid,"",9633,6.82000000000016
MHAS,final,390,451390,education,valid,"",9548,3.38000000000011
MHAS,final,390,451390,wealth,valid,"",9548,6.86000000000013
MHAS,final,391,451391,education,valid,"",9570,3.46000000000004
MHAS,final,391,451391,wealth,valid,"",9570,7.07000000000016
MHAS,final,392,451392,education,valid,"",9601,3.36000000000013
MHAS,final,392,451392,wealth,valid,"",9601,6.7800000000002
MHAS,final,393,451393,education,valid,"",9602,3.5
MHAS,final,393,451393,wealth,valid,"",9602,6.91000000000031
MHAS,final,394,451394,education,valid,"",9628,3.55999999999995
MHAS,final,394,451394,wealth,valid,"",9628,6.98000000000002
MHAS,final,395,451395,education,valid,"",9650,3.34999999999991
MHAS,final,395,451395,wealth,valid,"",9650,6.82999999999993
MHAS,final,396,451396,education,valid,"",9565,3.5300000000002
MHAS,final,396,451396,wealth,valid,"",9565,6.88000000000011
MHAS,final,397,451397,education,valid,"",9499,3.36000000000013
MHAS,final,397,451397,wealth,valid,"",9499,6.80000000000018
MHAS,final,398,451398,education,valid,"",9596,3.36000000000013
MHAS,final,398,451398,wealth,valid,"",9596,7.13000000000011
MHAS,final,399,451399,education,valid,"",9594,3.38999999999987
MHAS,final,399,451399,wealth,valid,"",9594,6.80999999999995
MHAS,final,400,451400,education,valid,"",9697,3.42999999999984
MHAS,final,400,451400,wealth,valid,"",9697,6.92999999999984
MHAS,final,401,451401,education,valid,"",9591,3.5
MHAS,final,401,451401,wealth,valid,"",9591,7.05000000000018
MHAS,final,402,451402,education,valid,"",9628,3.34000000000015
MHAS,final,402,451402,wealth,valid,"",9628,6.80999999999995
MHAS,final,403,451403,education,valid,"",9648,3.48999999999978
MHAS,final,403,451403,wealth,valid,"",9648,7.62999999999965
MHAS,final,404,451404,education,valid,"",9602,3.86999999999989
MHAS,final,404,451404,wealth,valid,"",9602,7.73000000000002
MHAS,final,405,451405,education,valid,"",9619,3.92000000000007
MHAS,final,405,451405,wealth,valid,"",9619,7.90999999999985
MHAS,final,406,451406,education,valid,"",9592,3.55000000000018
MHAS,final,406,451406,wealth,valid,"",9592,6.94000000000006
MHAS,final,407,451407,education,valid,"",9659,3.41000000000031
MHAS,final,407,451407,wealth,valid,"",9659,6.80000000000018
MHAS,final,408,451408,education,valid,"",9636,3.30999999999995
MHAS,final,408,451408,wealth,valid,"",9636,6.84000000000015
MHAS,final,409,451409,education,valid,"",9584,3.44000000000005
MHAS,final,409,451409,wealth,valid,"",9584,6.90999999999985
MHAS,final,410,451410,education,valid,"",9569,3.34000000000015
MHAS,final,410,451410,wealth,valid,"",9569,7.30999999999995
MHAS,final,411,451411,education,valid,"",9582,3.38999999999987
MHAS,final,411,451411,wealth,valid,"",9582,6.75
MHAS,final,412,451412,education,valid,"",9615,3.34000000000015
MHAS,final,412,451412,wealth,valid,"",9615,6.76000000000022
MHAS,final,413,451413,education,valid,"",9603,3.33999999999969
MHAS,final,413,451413,wealth,valid,"",9603,7.23000000000002
MHAS,final,414,451414,education,valid,"",9624,3.37000000000035
MHAS,final,414,451414,wealth,valid,"",9624,6.89000000000033
MHAS,final,415,451415,education,valid,"",9567,3.28999999999996
MHAS,final,415,451415,wealth,valid,"",9567,6.75999999999976
MHAS,final,416,451416,education,valid,"",9632,3.32000000000016
MHAS,final,416,451416,wealth,valid,"",9632,6.83000000000038
MHAS,final,417,451417,education,valid,"",9544,3.34999999999991
MHAS,final,417,451417,wealth,valid,"",9544,6.82999999999993
MHAS,final,418,451418,education,valid,"",9635,3.42999999999984
MHAS,final,418,451418,wealth,valid,"",9635,6.83999999999969
MHAS,final,419,451419,education,valid,"",9647,3.40999999999985
MHAS,final,419,451419,wealth,valid,"",9647,7.01999999999998
MHAS,final,420,451420,education,valid,"",9541,3.40000000000009
MHAS,final,420,451420,wealth,valid,"",9541,6.78999999999996
MHAS,final,421,451421,education,valid,"",9599,3.25
MHAS,final,421,451421,wealth,valid,"",9599,6.86000000000013
MHAS,final,422,451422,education,valid,"",9605,3.3100000000004
MHAS,final,422,451422,wealth,valid,"",9605,6.70000000000027
MHAS,final,423,451423,education,valid,"",9556,3.5300000000002
MHAS,final,423,451423,wealth,valid,"",9556,6.80999999999995
MHAS,final,424,451424,education,valid,"",9586,3.32000000000016
MHAS,final,424,451424,wealth,valid,"",9586,6.86000000000013
MHAS,final,425,451425,education,valid,"",9539,3.38999999999987
MHAS,final,425,451425,wealth,valid,"",9539,6.73999999999978
MHAS,final,426,451426,education,valid,"",9658,3.36000000000013
MHAS,final,426,451426,wealth,valid,"",9658,6.84999999999991
MHAS,final,427,451427,education,valid,"",9543,3.36000000000013
MHAS,final,427,451427,wealth,valid,"",9543,6.68000000000029
MHAS,final,428,451428,education,valid,"",9577,3.38000000000011
MHAS,final,428,451428,wealth,valid,"",9577,6.75
MHAS,final,429,451429,education,valid,"",9592,3.47000000000025
MHAS,final,429,451429,wealth,valid,"",9592,6.80999999999995
MHAS,final,430,451430,education,valid,"",9508,3.32999999999993
MHAS,final,430,451430,wealth,valid,"",9508,7.31999999999971
MHAS,final,431,451431,education,valid,"",9636,4.13999999999987
MHAS,final,431,451431,wealth,valid,"",9636,8.25
MHAS,final,432,451432,education,valid,"",9632,3.9699999999998
MHAS,final,432,451432,wealth,valid,"",9632,7.7800000000002
MHAS,final,433,451433,education,valid,"",9622,3.87000000000035
MHAS,final,433,451433,wealth,valid,"",9622,7.40000000000009
MHAS,final,434,451434,education,valid,"",9623,3.34000000000015
MHAS,final,434,451434,wealth,valid,"",9623,6.92000000000007
MHAS,final,435,451435,education,valid,"",9594,3.46000000000004
MHAS,final,435,451435,wealth,valid,"",9594,6.82999999999993
MHAS,final,436,451436,education,valid,"",9568,3.36000000000013
MHAS,final,436,451436,wealth,valid,"",9568,6.87000000000035
MHAS,final,437,451437,education,valid,"",9618,3.34000000000015
MHAS,final,437,451437,wealth,valid,"",9618,6.83000000000038
MHAS,final,438,451438,education,valid,"",9546,3.34999999999991
MHAS,final,438,451438,wealth,valid,"",9546,6.73999999999978
MHAS,final,439,451439,education,valid,"",9583,3.38999999999987
MHAS,final,439,451439,wealth,valid,"",9583,6.84999999999991
MHAS,final,440,451440,education,valid,"",9588,3.35999999999967
MHAS,final,440,451440,wealth,valid,"",9588,6.88999999999987
MHAS,final,441,451441,education,valid,"",9572,3.5300000000002
MHAS,final,441,451441,wealth,valid,"",9572,6.98000000000002
MHAS,final,442,451442,education,valid,"",9602,3.42000000000007
MHAS,final,442,451442,wealth,valid,"",9602,6.90000000000009
MHAS,final,443,451443,education,valid,"",9570,3.48000000000002
MHAS,final,443,451443,wealth,valid,"",9570,6.92000000000007
MHAS,final,444,451444,education,valid,"",9625,3.4399999999996
MHAS,final,444,451444,wealth,valid,"",9625,6.84999999999991
MHAS,final,445,451445,education,valid,"",9629,3.42000000000007
MHAS,final,445,451445,wealth,valid,"",9629,6.82000000000016
MHAS,final,446,451446,education,valid,"",9565,3.38999999999987
MHAS,final,446,451446,wealth,valid,"",9565,6.69999999999982
MHAS,final,447,451447,education,valid,"",9593,3.63000000000011
MHAS,final,447,451447,wealth,valid,"",9593,7.09000000000015
MHAS,final,448,451448,education,valid,"",9593,3.42000000000007
MHAS,final,448,451448,wealth,valid,"",9593,6.86999999999989
MHAS,final,449,451449,education,valid,"",9519,3.55000000000018
MHAS,final,449,451449,wealth,valid,"",9519,6.94000000000006
MHAS,final,450,451450,education,valid,"",9621,3.38000000000011
MHAS,final,450,451450,wealth,valid,"",9621,6.86000000000013
MHAS,final,451,451451,education,valid,"",9595,3.41000000000031
MHAS,final,451,451451,wealth,valid,"",9595,6.95000000000027
MHAS,final,452,451452,education,valid,"",9619,3.32999999999993
MHAS,final,452,451452,wealth,valid,"",9619,6.69999999999982
MHAS,final,453,451453,education,valid,"",9615,3.47000000000025
MHAS,final,453,451453,wealth,valid,"",9615,6.84000000000015
MHAS,final,454,451454,education,valid,"",9573,3.36999999999989
MHAS,final,454,451454,wealth,valid,"",9573,6.75999999999976
MHAS,final,455,451455,education,valid,"",9634,3.37999999999965
MHAS,final,455,451455,wealth,valid,"",9634,6.76999999999998
MHAS,final,456,451456,education,valid,"",9631,3.36999999999989
MHAS,final,456,451456,wealth,valid,"",9631,6.78999999999996
MHAS,final,457,451457,education,valid,"",9585,3.32000000000016
MHAS,final,457,451457,wealth,valid,"",9585,6.88000000000011
MHAS,final,458,451458,education,valid,"",9555,3.42999999999984
MHAS,final,458,451458,wealth,valid,"",9555,6.92000000000007
MHAS,final,459,451459,education,valid,"",9643,3.42000000000007
MHAS,final,459,451459,wealth,valid,"",9643,6.96000000000004
MHAS,final,460,451460,education,valid,"",9571,3.42000000000007
MHAS,final,460,451460,wealth,valid,"",9571,6.94000000000006
MHAS,final,461,451461,education,valid,"",9633,3.38000000000011
MHAS,final,461,451461,wealth,valid,"",9633,6.7800000000002
MHAS,final,462,451462,education,valid,"",9561,3.40999999999985
MHAS,final,462,451462,wealth,valid,"",9561,6.82999999999993
MHAS,final,463,451463,education,valid,"",9598,3.36000000000013
MHAS,final,463,451463,wealth,valid,"",9598,6.82999999999993
MHAS,final,464,451464,education,valid,"",9632,3.38999999999987
MHAS,final,464,451464,wealth,valid,"",9632,6.86999999999989
MHAS,final,465,451465,education,valid,"",9663,3.41000000000031
MHAS,final,465,451465,wealth,valid,"",9663,6.95000000000027
MHAS,final,466,451466,education,valid,"",9582,3.44999999999982
MHAS,final,466,451466,wealth,valid,"",9582,6.92999999999984
MHAS,final,467,451467,education,valid,"",9605,3.35999999999967
MHAS,final,467,451467,wealth,valid,"",9605,6.75
MHAS,final,468,451468,education,valid,"",9629,3.44000000000005
MHAS,final,468,451468,wealth,valid,"",9629,6.84999999999991
MHAS,final,469,451469,education,valid,"",9582,3.39000000000033
MHAS,final,469,451469,wealth,valid,"",9582,6.86000000000013
MHAS,final,470,451470,education,valid,"",9590,3.36000000000013
MHAS,final,470,451470,wealth,valid,"",9590,6.8100000000004
MHAS,final,471,451471,education,valid,"",9587,3.48000000000002
MHAS,final,471,451471,wealth,valid,"",9587,6.94999999999982
MHAS,final,472,451472,education,valid,"",9633,3.40999999999985
MHAS,final,472,451472,wealth,valid,"",9633,6.88999999999987
MHAS,final,473,451473,education,valid,"",9616,3.36999999999989
MHAS,final,473,451473,wealth,valid,"",9616,6.86999999999989
MHAS,final,474,451474,education,valid,"",9532,3.38999999999987
MHAS,final,474,451474,wealth,valid,"",9532,6.88000000000011
MHAS,final,475,451475,education,valid,"",9535,3.45000000000027
MHAS,final,475,451475,wealth,valid,"",9535,6.82999999999993
MHAS,final,476,451476,education,valid,"",9627,3.45000000000027
MHAS,final,476,451476,wealth,valid,"",9627,6.94000000000006
MHAS,final,477,451477,education,valid,"",9599,3.32999999999993
MHAS,final,477,451477,wealth,valid,"",9599,6.82999999999993
MHAS,final,478,451478,education,valid,"",9600,3.42000000000007
MHAS,final,478,451478,wealth,valid,"",9600,6.81999999999971
MHAS,final,479,451479,education,valid,"",9606,3.44000000000005
MHAS,final,479,451479,wealth,valid,"",9606,6.84999999999991
MHAS,final,480,451480,education,valid,"",9592,3.36999999999989
MHAS,final,480,451480,wealth,valid,"",9592,6.82999999999993
MHAS,final,481,451481,education,valid,"",9563,3.48000000000002
MHAS,final,481,451481,wealth,valid,"",9563,7
MHAS,final,482,451482,education,valid,"",9554,3.55000000000018
MHAS,final,482,451482,wealth,valid,"",9554,6.99000000000024
MHAS,final,483,451483,education,valid,"",9574,3.5300000000002
MHAS,final,483,451483,wealth,valid,"",9574,7.0300000000002
MHAS,final,484,451484,education,valid,"",9550,3.52999999999975
MHAS,final,484,451484,wealth,valid,"",9550,7.08999999999969
MHAS,final,485,451485,education,valid,"",9616,3.4699999999998
MHAS,final,485,451485,wealth,valid,"",9616,7.03999999999996
MHAS,final,486,451486,education,valid,"",9573,3.4399999999996
MHAS,final,486,451486,wealth,valid,"",9573,6.85999999999967
MHAS,final,487,451487,education,valid,"",9570,3.62999999999965
MHAS,final,487,451487,wealth,valid,"",9570,7.10999999999967
MHAS,final,488,451488,education,valid,"",9521,3.5
MHAS,final,488,451488,wealth,valid,"",9521,7.05999999999995
MHAS,final,489,451489,education,valid,"",9625,3.41000000000031
MHAS,final,489,451489,wealth,valid,"",9625,6.84000000000015
MHAS,final,490,451490,education,valid,"",9610,3.43000000000029
MHAS,final,490,451490,wealth,valid,"",9610,6.75
MHAS,final,491,451491,education,valid,"",9547,3.55000000000018
MHAS,final,491,451491,wealth,valid,"",9547,7.01000000000022
MHAS,final,492,451492,education,valid,"",9585,3.44999999999982
MHAS,final,492,451492,wealth,valid,"",9585,6.9699999999998
MHAS,final,493,451493,education,valid,"",9602,3.42000000000007
MHAS,final,493,451493,wealth,valid,"",9602,6.84000000000015
MHAS,final,494,451494,education,valid,"",9604,3.5
MHAS,final,494,451494,wealth,valid,"",9604,6.92000000000007
MHAS,final,495,451495,education,valid,"",9583,3.4699999999998
MHAS,final,495,451495,wealth,valid,"",9583,6.86000000000013
MHAS,final,496,451496,education,valid,"",9652,3.30999999999995
MHAS,final,496,451496,wealth,valid,"",9652,6.66999999999962
MHAS,final,497,451497,education,valid,"",9518,3.30999999999995
MHAS,final,497,451497,wealth,valid,"",9518,6.76000000000022
MHAS,final,498,451498,education,valid,"",9624,3.45000000000027
MHAS,final,498,451498,wealth,valid,"",9624,7.0600000000004
MHAS,final,499,451499,education,valid,"",9612,3.34000000000015
MHAS,final,499,451499,wealth,valid,"",9612,6.72000000000026
MHAS,final,500,451500,education,valid,"",9570,3.32999999999993
MHAS,final,500,451500,wealth,valid,"",9570,6.7199999999998
