cohort,metric,point_estimate,household_ci_low,household_ci_high,household_bootstrap_sd,psu_bootstrap_mean,psu_bootstrap_sd,psu_ci_low,psu_ci_high,household_ci_width,psu_ci_width,psu_to_household_width_ratio
ELSA,initial_difficulty_high,0.164849738643327,0.140577241404482,0.202817283872927,0.0158190421274926,0.163847306846338,0.0130771312057175,0.137898065189112,0.190520151479389,0.062240042468445,0.0526220862902762,0.845469961190257
ELSA,initial_difficulty_low,0.337708709777973,0.301475739051797,0.379400170070163,0.0195476605019726,0.332712968346069,0.017114304701791,0.296254452458704,0.364403733593572,0.077924431018366,0.068149281134868,0.8745560313274
ELSA,population_high_tle,26.1936818244397,24.7056767437697,27.7908296060267,0.808638285873351,26.4440241940246,0.626317224676695,25.2364865595119,27.8247041448993,3.085152862257,2.58821758538737,0.838926854176656
ELSA,population_low_tle,21.190998892164,20.0616744136273,22.26749255755,0.572436859878183,21.2420966504321,0.437766109498077,20.4099408523398,22.0775243310621,2.2058181439227,1.66758347872232,0.755993182537157
ELSA,population_high_fdfle,18.4726568098181,17.5349344747229,19.6898500524925,0.549459638959589,18.6400173776523,0.462005317985586,17.6959968536272,19.6568881436777,2.1549155777696,1.96089129005052,0.909962000497531
ELSA,population_low_fdfle,11.8384860178403,11.1251772021987,12.4643788012788,0.333940434949881,11.8684920272217,0.274968267336479,11.3143587770443,12.4411520679892,1.3392015990801,1.12679329094485,0.841391835044733
ELSA,population_high_difficulty_years,7.72102501462158,6.63495872015908,9.19382802270445,0.633116431080496,7.80400681637224,0.488871197605488,6.92540646094644,8.797205283328,2.55886930254537,1.87179882238156,0.731494500527886
ELSA,population_low_difficulty_years,9.35251287432367,8.45087514891751,10.3223115684944,0.471476836232535,9.37360462321045,0.365223962020093,8.6609062753136,10.0851243487999,1.87143641957689,1.42421807348627,0.761029366847672
ELSA,population_high_fdfle_percent,70.5233305253881,66.5151014904115,73.9618518917077,1.84035458571017,70.5018124926602,1.45992033071867,67.7052877401403,73.2511522807904,7.4467504012962,5.54586454065009,0.744736192539065
ELSA,population_low_fdfle_percent,55.8656346408379,53.0030971466995,58.5872162328251,1.43005095627987,55.8813997228966,1.16049182739493,53.6500352852124,57.9847365411405,5.5841190861256,4.33470125592806,0.776255160227177
ELSA,population_fdfle_gap,-6.63417079197773,-7.83944925094389,-5.63623081032602,0.554117472218447,-6.77152535043068,0.503900883367659,-7.80094538770199,-5.78770693715443,2.20321844061787,2.01323845054756,0.913771604953964
ELSA,conditional_high_fdfle,19.8152449652355,18.9813558872021,20.9865277873343,0.506335534442816,19.9643040330096,0.427907641755901,19.1146217979741,20.7951182306746,2.0051719001322,1.68049643270056,0.838080980782629
ELSA,conditional_low_fdfle,14.4624491080831,13.8073221046365,15.1030559792418,0.333638797010549,14.4398244933383,0.292426523016575,13.8693450709759,15.004063602783,1.2957338746053,1.1347185318071,0.875734249174238
ELSA,conditional_fdfle_gap,-5.35279585715231,-6.5132661749582,-4.33382209351646,0.544343645980611,-5.52447953967123,0.489730799170926,-6.48428735873413,-4.612443726487,2.17944408144174,1.87184363224713,0.858862885350501
ELSA,population_recovery_relapse,-1.86946195565414,-2.76533977927872,-1.22102230391519,0.384847627384017,-1.97023439859505,0.340888424186375,-2.62430577975186,-1.35330632332938,1.54431747536353,1.27099945642248,0.823016948715997
ELSA,conditional_recovery_relapse,-1.29041791134284,-1.93859592120683,-0.83024562398535,0.275999736771419,-1.37404363344421,0.243956463284919,-1.87145097621903,-0.922533989547849,1.10835029722148,0.948916986671179,0.856152598190316
ELSA,population_contribution_initial_state,-1.38937648279744,-1.66266767797071,-1.08320856008589,0.148362980076275,-1.34722086425713,0.125220166095301,-1.60628643657623,-1.11810767965407,0.57945911788482,0.488178756922166,0.842473164809536
ELSA,population_contribution_onset,-1.92035979030856,-2.49883836834692,-1.37026300683093,0.280515241382128,-1.92639804899955,0.228144293756007,-2.40694348748829,-1.51830532592443,1.12857536151599,0.888638161563856,0.78739815865745
ELSA,population_contribution_recovery,-1.08873178916717,-1.69956109417293,-0.601984301069915,0.280089775204476,-1.19079989868143,0.244763820014884,-1.65701716538617,-0.722038900050031,1.09757679310301,0.934978265336134,0.851856809665964
ELSA,population_contribution_relapse,-0.780730166486967,-1.32551285590093,-0.348932513520123,0.235277072958998,-0.779434499913627,0.190864371545526,-1.17178663914321,-0.409533218293022,0.976580342380807,0.762253420850184,0.780533242141538
ELSA,population_contribution_post_difficulty_mortality,-0.712491434921777,-1.13413206333255,-0.380744995824421,0.193895091791541,-0.722451353316304,0.143585176406186,-1.0367552890008,-0.463661187826536,0.753387067508129,0.573094101174263,0.760690123165778
ELSA,population_contribution_pre_difficulty_mortality,-0.74248112829581,-1.2760115912274,-0.236936758241381,0.263254264768924,-0.805220685262647,0.213883668668579,-1.24799888935862,-0.397853352789356,1.03907483298602,0.850145536569262,0.818175466848884
ELSA,conditional_contribution_onset,-2.5681068921519,-3.36594335718438,-1.85022045112326,0.370632069237616,-2.56588938652724,0.300327062616378,-3.17507225698493,-2.00545645291084,1.51572290606112,1.16961580407409,0.77165542553787
ELSA,conditional_contribution_recovery,-0.766678816243566,-1.21046208329903,-0.420723111332964,0.203493955239137,-0.846395716612059,0.178301019586069,-1.18386392283768,-0.503635286515218,0.789738971966066,0.680228636322463,0.861333504447709
ELSA,conditional_contribution_relapse,-0.523739095099275,-0.890445229292286,-0.225546444922001,0.15921680757147,-0.527647916832146,0.129763803632266,-0.798184947270573,-0.27633735297431,0.664898784370285,0.521847594296264,0.784852682187556
ELSA,conditional_contribution_post_difficulty_mortality,-0.51365900492515,-0.836209099857405,-0.267158696717989,0.144886202811883,-0.525223941629459,0.10958241999553,-0.767327511533437,-0.329733929479453,0.569050403139416,0.437593582053984,0.768989143386609
ELSA,conditional_contribution_pre_difficulty_mortality,-0.980612048732418,-1.66301241766183,-0.309177956748022,0.348398716649935,-1.05932257807033,0.28061358489694,-1.64141034603607,-0.535142347731972,1.35383446091381,1.1062679983041,0.817136828942436
ELSA,hazard_ratio_onset,1.78901979456434,1.53775347524636,2.11718329613547,0.141185286570054,1.81392984311483,0.120640315580137,1.5917433696563,2.07544441104409,0.57942982088911,0.483701041387799,0.834787965599666
ELSA,hazard_ratio_recovery,0.685538014388994,0.565368889246856,0.810880821272821,0.062427987960716,0.666338289772167,0.0534437564735656,0.573018923715156,0.776354277234731,0.245511932025965,0.203335353519576,0.828209659064845
ELSA,hazard_ratio_relapse,1.50605549568383,1.20623700533626,1.94104560368365,0.183738868509629,1.49759700519579,0.141947230223928,1.24934720097982,1.80600124287257,0.73480859834739,0.556654041892747,0.757549711781654
ELSA,hazard_ratio_death_pre,1.58700547914483,1.1592663843083,2.28353109533107,0.283613703919406,1.66146060378363,0.224398534352172,1.2756812744574,2.16495046038545,1.12426471102277,0.889269185928046,0.790978474383543
ELSA,hazard_ratio_death_post,1.61489913035945,1.29143810410004,2.14020498125622,0.214555683566737,1.62968639247291,0.152707549990167,1.35681042408982,1.96304038788709,0.84876687715618,0.606229963797273,0.714247904947075
HRS,initial_difficulty_high,0.164953740011649,0.136939440743364,0.19982014656236,0.0167578097458072,0.168527934843013,0.0167297361505857,0.136338227536419,0.203301021751391,0.062880705818996,0.0669627942149717,1.06491797989237
HRS,initial_difficulty_low,0.314624461163056,0.288266190021839,0.346242065474318,0.0147830746614158,0.318257276280857,0.0134509059444654,0.291832259350615,0.344223197659172,0.057975875452479,0.0523909383085579,0.903667911862772
HRS,population_high_tle,23.1447452010583,21.943500696529,24.2645584366504,0.579453165541707,23.10092768374,0.357198321501855,22.4112589859654,23.8118000651703,2.3210577401214,1.40054107920488,0.603406393126448
HRS,population_low_tle,19.939824183463,19.2900679202613,20.5661698894284,0.310376399588159,19.9287073293913,0.222521974030094,19.4768993145569,20.3597043362419,1.2761019691671,0.882805021684959,0.691798181505164
HRS,population_high_fdfle,15.8281364082911,14.8020169665637,16.7362677314516,0.492067206455323,15.754803165862,0.428161502964755,14.9371469163656,16.5714343756762,1.9342507648879,1.63428745931059,0.844920156671259
HRS,population_low_fdfle,11.2647352022648,10.7131810356369,11.7529030484422,0.246700122712543,11.2345091135224,0.180245264449486,10.8637955109724,11.6073940330632,1.0397220128053,0.743598522090833,0.715189745848039
HRS,population_high_difficulty_years,7.31660879276714,6.37777321306973,8.33627604364632,0.515881611917402,7.34612451787808,0.364587906413387,6.65199262042758,8.08708706195782,1.95850283057659,1.43509444153024,0.732750762023532
HRS,population_low_difficulty_years,8.67508898119821,8.18392160278355,9.20782335924363,0.255490635840953,8.69419821586893,0.217362958508615,8.28240833603717,9.08108491988287,1.02390175646008,0.798676583845696,0.780032438470414
HRS,population_high_fdfle_percent,68.3876027616299,64.7014108848478,71.8552560919336,1.86454671270948,68.1994678041891,1.50752337362208,65.2146774310733,71.1085800320207,7.15384520708579,5.8939026009474,0.823878967231435
HRS,population_low_fdfle_percent,56.4936535980451,54.3067304953171,58.4279234409241,0.999003853233611,56.3761470168578,0.849452269752575,54.7357846842636,58.1700461369979,4.121192945607,3.43426145273426,0.833317318082624
HRS,population_fdfle_gap,-4.56340120602628,-5.61345146022019,-3.55291338283059,0.520185150921869,-4.52029405233958,0.387677923128653,-5.33777481808691,-3.80153436353034,2.0605380773896,1.53624045455656,0.745553053066001
HRS,conditional_high_fdfle,17.2371629267828,16.2431915623152,18.0910244318361,0.469988148661437,17.1935448300176,0.337986362809543,16.5313936721262,17.8310642619503,1.8478328695209,1.29967058982415,0.703348561042277
HRS,conditional_low_fdfle,13.5529020403395,13.0386366349876,14.0399473758501,0.244669911994155,13.5471918358832,0.163737634783879,13.2283352497334,13.8813584200139,1.0013107408625,0.653023170280436,0.652168346579346
HRS,conditional_fdfle_gap,-3.68426088644326,-4.62489630910829,-2.6360146685197,0.506394399694966,-3.64635299413444,0.347328973540982,-4.36179353834491,-3.02201034533489,1.98888164058859,1.33978319301002,0.673636462657238
HRS,population_recovery_relapse,-1.10292298574601,-1.91905364466571,-0.456740345733794,0.367924074003512,-1.09098334725059,0.235739530994339,-1.57747576769776,-0.649897325479064,1.46231329893192,0.927578442218692,0.634322646792723
HRS,conditional_recovery_relapse,-0.808023636000096,-1.41765548877203,-0.333715561002958,0.273364228508754,-0.797202826731387,0.177006920954276,-1.15335346591481,-0.473050775811871,1.08393992776907,0.680302690102939,0.627620288426052
HRS,population_contribution_initial_state,-1.18067886930526,-1.4703264193166,-0.893675469508634,0.148518365857753,-1.17988741032643,0.118552387808623,-1.42504220277045,-0.95164300349059,0.576650949807966,0.473399199279863,0.820945841565878
HRS,population_contribution_onset,-1.29781612820792,-1.84951621315267,-0.746676059695252,0.272380000566205,-1.28155636244307,0.187016025951789,-1.66162205763896,-0.922652137265468,1.10284015345742,0.738969920373491,0.670060768151043
HRS,population_contribution_recovery,-0.843749179325583,-1.46592495087963,-0.272502616041528,0.296105694261819,-0.83898124885969,0.232868876031813,-1.27349932610476,-0.397081702280857,1.1934223348381,0.876417623823901,0.734373405155681
HRS,population_contribution_relapse,-0.25917380642043,-0.676029702386636,0.151772070279766,0.201304117926003,-0.252002098390896,0.139009923220467,-0.521456844309517,0.0226502121951372,0.827801772666402,0.544107056504655,0.657291485076254
HRS,population_contribution_post_difficulty_mortality,-0.200763204644677,-0.525093049253562,0.086765428627807,0.146926514539886,-0.198457687984117,0.0864721756409876,-0.367906112226106,-0.035189172534865,0.611858477881369,0.332716939691241,0.543780876982063
HRS,population_contribution_pre_difficulty_mortality,-0.781220018122411,-1.11090368112435,-0.354368031729034,0.191494292128893,-0.769409244335384,0.134350428754289,-0.997045249186236,-0.497694115576427,0.756535649395316,0.499351133609809,0.66004970685642
HRS,conditional_contribution_onset,-1.70484485848213,-2.41130921401254,-0.997653706001705,0.358516645605939,-1.6906518362253,0.238678297948502,-2.17560014948796,-1.22419145528263,1.41365550801083,0.951408694205332,0.673013113034919
HRS,conditional_contribution_recovery,-0.622809546944917,-1.0888715782982,-0.200142501898201,0.221974864235829,-0.618472924982604,0.17695701940648,-0.949491677606455,-0.289754212261678,0.888729076399999,0.659737465344776,0.742338112776949
HRS,conditional_contribution_relapse,-0.185214089055179,-0.487641975330608,0.107710091527598,0.144067374983115,-0.178729901748783,0.0979196801018358,-0.36796063481447,0.0163691986963028,0.595352066858206,0.384329833510773,0.645550515242114
HRS,conditional_contribution_post_difficulty_mortality,-0.150429719749275,-0.395562057327029,0.0652743687526758,0.110323502252775,-0.148178883052153,0.0647698268958659,-0.274430273970235,-0.0268160570575545,0.460836426079705,0.24761421691268,0.537314767018555
HRS,conditional_contribution_pre_difficulty_mortality,-1.02096267221176,-1.45864758134598,-0.467734584831458,0.25071306642834,-1.0103194481256,0.175694938307307,-1.31317536250012,-0.654516815809281,0.990912996514522,0.658658546690835,0.664698665783603
HRS,hazard_ratio_onset,1.44441561808791,1.24051798206269,1.67601895515454,0.10944949390902,1.44211275217388,0.0726472682739895,1.30322871523449,1.58762987183013,0.43550097309185,0.284401156595639,0.653043676519312
HRS,hazard_ratio_recovery,0.727138664239629,0.582064450205523,0.899561562622253,0.0796641441594584,0.731413993359144,0.0641065850086961,0.616729808335763,0.859107843202032,0.31749711241673,0.242378034866269,0.763402328359246
HRS,hazard_ratio_relapse,1.15193098626611,0.917919101454149,1.44711819213333,0.127565685699735,1.15018916030559,0.0866593485865674,0.987513024853168,1.32665288834038,0.529199090679181,0.33913986348721,0.640854962641666
HRS,hazard_ratio_death_pre,1.58808686690401,1.22373227051018,1.9569782184612,0.189772327207074,1.58638334549166,0.131621514435992,1.33535725278436,1.83991704440633,0.73324594795102,0.504559791621967,0.688118076931632
HRS,hazard_ratio_death_post,1.12970036908702,0.952849712369771,1.38054602159459,0.103387042787704,1.13031669657181,0.0606238302748223,1.02103302352515,1.25527770481468,0.427696309224819,0.234244681289529,0.547689274462263
