module,cohort,process,term,estimate,std_error_model,statistic,p_value_model,hazard_ratio,hr_ci_low_model,hr_ci_high_model
wealth_within_low_education,CHARLS,onset,(Intercept),-2.82391731095031,0.072312224237321,-39.0517279856102,0,0.0593729044365542,0.0515270034211248,0.0684134831676817
wealth_within_low_education,CHARLS,onset,sesmiddle,0.307722671502896,0.0541916875141631,5.67841094489763,1.35951782032216e-08,1.36032368009855,1.22324475567921,1.51276390603397
wealth_within_low_education,CHARLS,onset,seslow,0.448616152792009,0.0528486447055774,8.48869739784764,2.08966051798588e-17,1.56614338204343,1.41203624664364,1.73706949729418
wealth_within_low_education,CHARLS,onset,"ns(age_model, knots = c(70, 80, 90), Boundary.knots = c(60, 95))1",0.665617711060434,0.126382236982389,5.26670303480376,1.38895616282619e-07,1.94569202569183,1.51878173988028,2.49260137874662
wealth_within_low_education,CHARLS,onset,"ns(age_model, knots = c(70, 80, 90), Boundary.knots = c(60, 95))2",1.291909623186,0.281313094946501,4.59242618418347,4.38122498671573e-06,3.63973043717779,2.09705914707787,6.31724559308602
wealth_within_low_education,CHARLS,onset,"ns(age_model, knots = c(70, 80, 90), Boundary.knots = c(60, 95))3",1.23252489727199,0.402025185992897,3.06579025447865,0.00217095548643297,3.42987870394767,1.55979676312457,7.54205176078713
wealth_within_low_education,CHARLS,onset,"ns(age_model, knots = c(70, 80, 90), Boundary.knots = c(60, 95))4",0.751273517959844,0.557883097850462,1.34665043779695,0.178092841619635,2.11969777160993,0.710222232907648,6.32635594153859
wealth_within_low_education,CHARLS,onset,sex_factorfemale,0.461009147824564,0.0417138072748551,11.0517159171529,2.15064344550518e-28,1.58567335667588,1.46118841218471,1.720763710624
wealth_within_low_education,CHARLS,onset,period_factor2,-0.068839990897877,0.0578517016927276,-1.18993891076035,0.234070403494664,0.933476032790847,0.833410195693085,1.04555656781986
wealth_within_low_education,CHARLS,onset,period_factor3,-0.574047115651404,0.0588087616747799,-9.76125154319622,1.65104951754923e-22,0.563241317015281,0.501921127316496,0.632053053612677
wealth_within_low_education,CHARLS,onset,period_factor4,-0.350621342116771,0.0584241419716,-6.00130922397129,1.95732823518502e-09,0.704250373329281,0.62805178207416,0.789693784000548
wealth_within_low_education,CHARLS,recovery,(Intercept),-0.807692585570761,0.0679667655859082,-11.8836401674854,1.43958835680062e-32,0.445885723303344,0.390273522429556,0.509422409719409
wealth_within_low_education,CHARLS,recovery,sesmiddle,-0.0948999193402248,0.0503481754482672,-1.88487305637787,0.0594469785698703,0.909463949665849,0.824001982425946,1.0037896672368
wealth_within_low_education,CHARLS,recovery,seslow,-0.205961914886163,0.0486090600256263,-4.23710960009475,2.26415630036791e-05,0.813864071798505,0.739903377291795,0.895217872621255
wealth_within_low_education,CHARLS,recovery,"ns(age_model, knots = c(70, 80, 90), Boundary.knots = c(60, 95))1",-0.737978974348636,0.115495402968631,-6.38968266597655,1.6623035796005e-10,0.478079150036237,0.381230932979899,0.599530767120154
wealth_within_low_education,CHARLS,recovery,"ns(age_model, knots = c(70, 80, 90), Boundary.knots = c(60, 95))2",-1.00959496814042,0.255064351728333,-3.95819706399321,7.5517641634202e-05,0.364366529741356,0.221015797630551,0.600694472608172
wealth_within_low_education,CHARLS,recovery,"ns(age_model, knots = c(70, 80, 90), Boundary.knots = c(60, 95))3",-1.92625996414707,0.486120897078239,-3.96251215638864,7.41652295371922e-05,0.145692074373633,0.0561877272412445,0.377772541753763
wealth_within_low_education,CHARLS,recovery,"ns(age_model, knots = c(70, 80, 90), Boundary.knots = c(60, 95))4",-2.07670801093789,0.691963784002097,-3.00118020473106,0.00268935358606068,0.125342158780459,0.0322913131521817,0.486528890717609
wealth_within_low_education,CHARLS,recovery,origin_factorD2,0.256839070046202,0.0590044425531625,4.35287681626332,1.34362654653215e-05,1.29283705380988,1.15164385708675,1.45134073995056
wealth_within_low_education,CHARLS,recovery,sex_factorfemale,-0.132099100098995,0.0380262615072975,-3.47389132832961,0.000512968744377136,0.876254153903064,0.81332005716558,0.944058043900001
wealth_within_low_education,CHARLS,recovery,period_factor2,-0.259621356412652,0.0575848461272997,-4.50850134840547,6.52871542880534e-06,0.771343594822228,0.689018157557067,0.86350546026648
wealth_within_low_education,CHARLS,recovery,period_factor3,-0.839442875444201,0.055383168957392,-15.1570033143103,6.81066382450064e-52,0.431951106973957,0.387517648542254,0.481479384275532
wealth_within_low_education,CHARLS,recovery,period_factor4,-0.53011749215938,0.0551135242361337,-9.61864623078891,6.67032398089382e-22,0.588535817271958,0.528274100806425,0.655671757678867
wealth_within_low_education,CHARLS,relapse,(Intercept),-1.76593102114936,0.106538682476056,-16.5754914563191,1.04802605839276e-61,0.1710274821356,0.138796445669962,0.210743146227217
wealth_within_low_education,CHARLS,relapse,sesmiddle,0.185505122623742,0.0726005885318419,2.55514626499731,0.0106143185463081,1.20382636650887,1.04415502425377,1.38791452134959
wealth_within_low_education,CHARLS,relapse,seslow,0.0823831229415813,0.0709793895042533,1.16066260243961,0.245779135975436,1.08587175252587,0.944843021136281,1.24795065059124
wealth_within_low_education,CHARLS,relapse,"ns(age_model, knots = c(70, 80, 90), Boundary.knots = c(60, 95))1",0.668106220967967,0.150668585923117,4.43427683929341,9.23818550650347e-06,1.95053992910081,1.45178784367951,2.62063498573864
wealth_within_low_education,CHARLS,relapse,"ns(age_model, knots = c(70, 80, 90), Boundary.knots = c(60, 95))2",0.320783134774945,0.315600283607286,1.01642220060267,0.309428378146915,1.37820666338429,0.742454699385359,2.55834276295823
wealth_within_low_education,CHARLS,relapse,"ns(age_model, knots = c(70, 80, 90), Boundary.knots = c(60, 95))3",0.748539892347515,0.427961494574229,1.74908233997132,0.0802767874119262,2.11391122422156,0.91368935724746,4.89074391470629
wealth_within_low_education,CHARLS,relapse,"ns(age_model, knots = c(70, 80, 90), Boundary.knots = c(60, 95))4",0.732303092976594,0.587663872635567,1.24612576521396,0.212718227083397,2.07986521883481,0.657363528698288,6.58058918645032
wealth_within_low_education,CHARLS,relapse,sex_factorfemale,0.418782018170286,0.0567864662735431,7.37468001887973,1.64740239283256e-13,1.52010896253974,1.35999434856735,1.69907416190945
wealth_within_low_education,CHARLS,relapse,period_factor3,-0.593267146292121,0.0759174722009442,-7.81463250938883,5.51236168234176e-15,0.552519171694825,0.476129505295754,0.64116470770008
wealth_within_low_education,CHARLS,relapse,period_factor4,-0.353770528534416,0.0704343429190416,-5.0226993519489,5.09502682104806e-07,0.702036046113592,0.611511302580747,0.805961570886462
wealth_within_low_education,CHARLS,death_pre,(Intercept),-24.5313346506974,1367.55939272573,-0.0179380396794343,0.98568828261417,2.21909925428789e-11,0,Inf
wealth_within_low_education,CHARLS,death_pre,sesmiddle,0.0278812856934751,0.175815804215725,0.158582363046641,0.873997925189653,1.02827360638726,0.728536398792717,1.45132983244878
wealth_within_low_education,CHARLS,death_pre,seslow,-0.0184314957959102,0.180457075814799,-0.102137839221257,0.918647266697158,0.981737325422386,0.689266448930627,1.39831001149529
wealth_within_low_education,CHARLS,death_pre,"ns(age_model, knots = c(70, 80, 90), Boundary.knots = c(60, 95))1",1.76987080409396,0.391774843625997,4.51757133692724,6.25529570248936e-06,5.87009492015813,2.72370234380837,12.651167426572
wealth_within_low_education,CHARLS,death_pre,"ns(age_model, knots = c(70, 80, 90), Boundary.knots = c(60, 95))2",0.992329497466807,0.815554589143629,1.21675423163126,0.223697738465865,2.69751100397912,0.545442712664137,13.3406597020008
wealth_within_low_education,CHARLS,death_pre,"ns(age_model, knots = c(70, 80, 90), Boundary.knots = c(60, 95))3",2.74929898366548,1.03474910944903,2.6569715871796,0.00788460879131627,15.631669986406,2.05688094114784,118.795940822685
wealth_within_low_education,CHARLS,death_pre,"ns(age_model, knots = c(70, 80, 90), Boundary.knots = c(60, 95))4",1.904726342757,1.26464453575663,1.50613574716268,0.132032329614353,6.71756906464848,0.56328084010192,80.1123186262775
wealth_within_low_education,CHARLS,death_pre,sex_factorfemale,-0.611036516382062,0.160536803085834,-3.80620832504905,0.000141113533491335,0.542787968775584,0.396258441546455,0.743501584212901
wealth_within_low_education,CHARLS,death_pre,period_factor2,-0.00719525233920138,1924.31462258705,-3.73912470172267e-06,0.99999701661013,0.992830571515408,0,Inf
wealth_within_low_education,CHARLS,death_pre,period_factor3,19.5912846826042,1367.55937839261,0.0143257287340833,0.988570113174781,322393911.213485,0,Inf
wealth_within_low_education,CHARLS,death_pre,period_factor4,19.6253514145206,1367.55937890462,0.014350639334023,0.988550239434651,333566036.602534,0,Inf
wealth_within_low_education,CHARLS,death_post,(Intercept),-23.6220978855336,1149.14473805175,-0.0205562424848085,0.983599646521166,5.50875220475021e-11,0,Inf
wealth_within_low_education,CHARLS,death_post,sesmiddle,-0.0460627649908943,0.129209606678405,-0.356496441518795,0.721468816539529,0.954982020871782,0.74132689725295,1.23021390909707
wealth_within_low_education,CHARLS,death_post,seslow,0.216465249884479,0.11417397330636,1.89592464566022,0.0579700094727415,1.24167993608289,0.992710957076534,1.55308960043236
wealth_within_low_education,CHARLS,death_post,"ns(age_model, knots = c(70, 80, 90), Boundary.knots = c(60, 95))1",1.8371832222802,0.214063161935026,8.58243522927047,9.28854351800433e-18,6.27882726801664,4.12728342781325,9.55196621485165
wealth_within_low_education,CHARLS,death_post,"ns(age_model, knots = c(70, 80, 90), Boundary.knots = c(60, 95))2",1.88913312121427,0.299302654453867,6.31178204771136,2.75840522786077e-10,6.61363297719776,3.67848108554929,11.8908158394258
wealth_within_low_education,CHARLS,death_post,"ns(age_model, knots = c(70, 80, 90), Boundary.knots = c(60, 95))3",2.82120277816106,0.498528969659554,5.65905483905511,1.52208917094186e-08,16.7970416419343,6.32231853462872,44.6261298565596
wealth_within_low_education,CHARLS,death_post,"ns(age_model, knots = c(70, 80, 90), Boundary.knots = c(60, 95))4",2.17676430842478,0.461730804400083,4.71435799318827,2.42474036500587e-06,8.81772859926701,3.56716774363101,21.7966586486307
wealth_within_low_education,CHARLS,death_post,origin_factorR1,-0.994700632277416,0.117643218124255,-8.45523140336752,2.78534415252415e-17,0.36983414437879,0.293675066215271,0.465743640109135
wealth_within_low_education,CHARLS,death_post,origin_factorD2,-0.512278592098307,0.139459221846612,-3.67332174462977,0.000239417712911089,0.599128852029075,0.455837602887274,0.787463296270547
wealth_within_low_education,CHARLS,death_post,sex_factorfemale,-0.754315734009613,0.088464797961031,-8.5267332475217,1.5053846677335e-17,0.470332337068593,0.395459563679819,0.559380851063468
wealth_within_low_education,CHARLS,death_post,period_factor2,0.19492296944569,1453.57592407007,0.000134098925427918,0.999893004538101,1.21521737401634,0,Inf
wealth_within_low_education,CHARLS,death_post,period_factor3,19.2452771190745,1149.14472609152,0.016747478957269,0.986638069731905,228095992.733307,0,Inf
wealth_within_low_education,CHARLS,death_post,period_factor4,19.9740512196711,1149.14472508692,0.0173816672379193,0.986132134372073,472737686.993415,0,Inf
wealth_within_low_education,HRS,onset,(Intercept),-2.93532004307111,0.144859648862202,-20.2632000431214,2.71715902440017e-91,0.0531137179085563,0.0399852375258903,0.0705527140671121
wealth_within_low_education,HRS,onset,sesmiddle,0.147490792684687,0.068630746220228,2.14904836108595,0.0316305665475322,1.15892261421469,1.01305906451109,1.32578807375502
wealth_within_low_education,HRS,onset,seslow,0.378981761266868,0.065694867671591,5.7688183978298,7.98292717445244e-09,1.4607963924249,1.28430770298952,1.66153803730555
wealth_within_low_education,HRS,onset,"ns(age_model, knots = c(70, 80, 90), Boundary.knots = c(60, 95))1",0.815416152949041,0.1069302559708,7.62568223133882,2.42747126359561e-14,2.26011603062101,1.83277800486253,2.7870939406288
wealth_within_low_education,HRS,onset,"ns(age_model, knots = c(70, 80, 90), Boundary.knots = c(60, 95))2",1.22070636133468,0.149950218740871,8.14074411884778,3.92855873544982e-16,3.38958115728112,2.52642164649847,4.54764169619863
wealth_within_low_education,HRS,onset,"ns(age_model, knots = c(70, 80, 90), Boundary.knots = c(60, 95))3",1.78227826611273,0.236242820319297,7.54426426040744,4.54847993911383e-14,5.94338161066616,3.74058620439394,9.4433821438231
wealth_within_low_education,HRS,onset,"ns(age_model, knots = c(70, 80, 90), Boundary.knots = c(60, 95))4",1.21509740663883,0.251070247265392,4.83967104773837,1.30054215638029e-06,3.37062236932757,2.06060519162608,5.51347497462435
wealth_within_low_education,HRS,onset,sex_factorfemale,0.148854151231103,0.0454860659197589,3.27252199593813,0.00106592578226954,1.16050371882676,1.0615195953299,1.26871787137588
wealth_within_low_education,HRS,onset,period_factor3,-0.335968970861167,0.0933856388157762,-3.59765136397406,0.000321103632913976,0.714645280299647,0.595112495678716,0.858187116491472
wealth_within_low_education,HRS,onset,period_factor4,-0.430434794152245,0.088317356771859,-4.87372822155606,1.09511622140586e-06,0.650226318652095,0.54687402024433,0.773110899067689
wealth_within_low_education,HRS,onset,period_factor5,-0.490121667045558,0.0930926374839524,-5.26488109363156,1.4028012087583e-07,0.612551862275136,0.510388419378656,0.735165159964889
wealth_within_low_education,HRS,onset,period_factor6,-0.635668205465069,0.0984903149635761,-6.45411892225294,1.0885031108133e-10,0.529581500809506,0.436612492209617,0.642346636900627
wealth_within_low_education,HRS,onset,period_factor7,-0.596372385619618,0.100306347990882,-5.94550990605133,2.75597581669517e-09,0.550806128514712,0.45249759639897,0.670472934273593
wealth_within_low_education,HRS,onset,period_factor8,-0.668407430791496,0.105325513506723,-6.34611129381135,2.20825511114664e-10,0.512524158373139,0.416926455992122,0.630041603598929
wealth_within_low_education,HRS,onset,period_factor9,-0.554369923713403,0.103582099397198,-5.35198578653638,8.69942334700027e-08,0.574434084491178,0.468888237488447,0.703738100133825
wealth_within_low_education,HRS,onset,period_factor10,-0.740549507357329,0.111341221950658,-6.65117100731579,2.90770198050511e-11,0.476851809935241,0.38336095116123,0.593142436520308
wealth_within_low_education,HRS,onset,period_factor11,-0.441927824487701,0.103646381076088,-4.26380371315884,2.00976009480857e-05,0.64279602791393,0.524623334806982,0.787587410029988
wealth_within_low_education,HRS,onset,period_factor12,-0.412098703455863,0.106568734251344,-3.86697567866313,0.000110193412820719,0.662258905583372,0.537421045110125,0.816095428370532
wealth_within_low_education,HRS,onset,period_factor13,-0.809348179593961,0.128072463143491,-6.31945509384929,2.62487208723816e-10,0.445148128312221,0.346327573579379,0.572165981737679
wealth_within_low_education,HRS,onset,period_factor14,-1.08681131546154,0.146083290398466,-7.43966892104555,1.00937953595635e-13,0.337290293135769,0.25331169192202,0.44910971530929
wealth_within_low_education,HRS,onset,period_factor15,-0.593144958941159,0.130552283410785,-4.54335185448132,5.53667205843501e-06,0.552586686673425,0.427830823205204,0.713721475234277
wealth_within_low_education,HRS,onset,proxy_factorself,-0.0858089676249399,0.0943786983334662,-0.909198464697541,0.363245374486906,0.917769538169601,0.762775734876843,1.10425762996779
wealth_within_low_education,HRS,recovery,(Intercept),-2.31177352615573,0.172120190604966,-13.431158297178,3.97150471835008e-41,0.0990853651494309,0.0707127700212455,0.138842101417414
wealth_within_low_education,HRS,recovery,sesmiddle,-0.025547742082496,0.0773357994417315,-0.330348199241736,0.741136877421081,0.974775840026247,0.837674307158329,1.13431667914256
wealth_within_low_education,HRS,recovery,seslow,-0.312058715325855,0.0717808528799744,-4.34738099096778,1.37772781891768e-05,0.731938550956087,0.635877600014638,0.842511266890615
wealth_within_low_education,HRS,recovery,"ns(age_model, knots = c(70, 80, 90), Boundary.knots = c(60, 95))1",-0.552430962520942,0.108717912613708,-5.08132422008338,3.74812754087356e-07,0.575548970399597,0.465092917282429,0.712237501408519
wealth_within_low_education,HRS,recovery,"ns(age_model, knots = c(70, 80, 90), Boundary.knots = c(60, 95))2",-1.16040788290272,0.17884073272068,-6.48849881819197,8.66958368036775e-11,0.313358341302746,0.220703364968854,0.444911431585403
wealth_within_low_education,HRS,recovery,"ns(age_model, knots = c(70, 80, 90), Boundary.knots = c(60, 95))3",-1.9216103159056,0.274449845579286,-7.00168117001351,2.52909108350348e-12,0.146371068589894,0.0854749427502119,0.250652285111878
wealth_within_low_education,HRS,recovery,"ns(age_model, knots = c(70, 80, 90), Boundary.knots = c(60, 95))4",-2.31099114880435,0.364570799192025,-6.33893650815164,2.3135654801758e-10,0.0991629176286731,0.0485311259257694,0.202618093956268
wealth_within_low_education,HRS,recovery,origin_factorD2,0.136354729525726,0.0509975881818243,2.67374859061125,0.00750086603749752,1.14608837288045,1.0370700283217,1.26656688804075
wealth_within_low_education,HRS,recovery,sex_factorfemale,-0.181711783866709,0.0451583512222774,-4.02387994575559,5.72471078889317e-05,0.833841632397125,0.763209926690753,0.91100999030956
wealth_within_low_education,HRS,recovery,period_factor3,0.0700349784513237,0.140457999184699,0.49861865367475,0.618048061401619,1.07254569658554,0.814433336709026,1.41245970592575
wealth_within_low_education,HRS,recovery,period_factor4,0.19025723542789,0.13322424339607,1.428097698872,0.15326373976313,1.20956069950642,0.931590180376199,1.57047285019649
wealth_within_low_education,HRS,recovery,period_factor5,0.151337047629967,0.135869922481747,1.11383774175847,0.265348802356278,1.16338870941536,0.891394667692727,1.51837714342453
wealth_within_low_education,HRS,recovery,period_factor6,0.320486432503792,0.133056845979471,2.40864293862218,0.0160119547877891,1.37779780699446,1.06151275105114,1.78832217990688
wealth_within_low_education,HRS,recovery,period_factor7,0.0947749849660024,0.137568530192463,0.68892925462974,0.490867788504425,1.09941144318818,0.839575111958677,1.43966335375673
wealth_within_low_education,HRS,recovery,period_factor8,0.114110604658766,0.134981039295768,0.845382471894657,0.397897327754637,1.12087609214604,0.860318824424996,1.46034606970768
wealth_within_low_education,HRS,recovery,period_factor9,-0.156012258307915,0.141072979797799,-1.10589751865685,0.268770878927255,0.855548702727304,0.648874926108159,1.12805034265782
wealth_within_low_education,HRS,recovery,period_factor10,-0.0651611079650999,0.137980935152384,-0.472247183229604,0.636750364942987,0.936916506505721,0.714906337863634,1.22787069252466
wealth_within_low_education,HRS,recovery,period_factor11,-0.102167754150767,0.139710976738982,-0.731279363550969,0.46460853274092,0.902878077418891,0.686601462047166,1.18728093041496
wealth_within_low_education,HRS,recovery,period_factor12,0.115407350478283,0.134831013049615,0.855940691002708,0.392030585957978,1.12233052634465,0.861688506409646,1.46181108485882
wealth_within_low_education,HRS,recovery,period_factor13,-0.00363476905107708,0.138925351937193,-0.0261634683691162,0.979126953919262,0.996371828725731,0.75886721905438,1.30820886203956
wealth_within_low_education,HRS,recovery,period_factor14,-0.15532450785741,0.144871540166107,-1.07215335516774,0.28365115729345,0.856137309116988,0.644504982017092,1.13726210427127
wealth_within_low_education,HRS,recovery,period_factor15,-0.285279210332556,0.15218883425319,-1.87450815122185,0.0608604196296616,0.751804313479537,0.557903469402231,1.01309591491165
wealth_within_low_education,HRS,recovery,proxy_factorself,0.876343999316782,0.0904390817240263,9.68988165968928,3.3291418586217e-22,2.40210154827939,2.01190774567829,2.8679703930962
wealth_within_low_education,HRS,relapse,(Intercept),-1.92709700332651,0.257074501245319,-7.49625884321969,6.56650582842422e-14,0.145570175423464,0.0879520916545187,0.240934303825955
wealth_within_low_education,HRS,relapse,sesmiddle,0.107120623117951,0.0974287046850772,1.0994770326076,0.271560046604449,1.11306850817606,0.919578709693292,1.34727075652557
wealth_within_low_education,HRS,relapse,seslow,0.194140971805406,0.089299162212007,2.17405143560577,0.0297012725820557,1.21426744836564,1.01929846766467,1.4465296308534
wealth_within_low_education,HRS,relapse,"ns(age_model, knots = c(70, 80, 90), Boundary.knots = c(60, 95))1",0.188646834139559,0.123749603343337,1.52442374797895,0.127402891499618,1.20761438898874,0.94752459136665,1.53909727069904
wealth_within_low_education,HRS,relapse,"ns(age_model, knots = c(70, 80, 90), Boundary.knots = c(60, 95))2",0.316448723229925,0.180110646706941,1.75696844698371,0.07892318754779,1.37224587609588,0.964092394241363,1.95319323719375
wealth_within_low_education,HRS,relapse,"ns(age_model, knots = c(70, 80, 90), Boundary.knots = c(60, 95))3",0.162782754621115,0.258266742829402,0.630289261550957,0.528505347492674,1.17678101168029,0.709340182592739,1.95225588995903
wealth_within_low_education,HRS,relapse,"ns(age_model, knots = c(70, 80, 90), Boundary.knots = c(60, 95))4",0.651710444295707,0.270835772268223,2.40629381723727,0.0161152978767017,1.91882005856834,1.12848083075598,3.26267874191331
wealth_within_low_education,HRS,relapse,sex_factorfemale,0.248023965131782,0.0558390796722674,4.4417631269622,8.92247514538758e-06,1.28149064291816,1.14864084439785,1.42970561764038
wealth_within_low_education,HRS,relapse,period_factor4,0.0788512739712025,0.232772462240682,0.338748291839057,0.734799357569355,1.08204338208742,0.685653588369457,1.70759389373794
wealth_within_low_education,HRS,relapse,period_factor5,0.0110849896625923,0.222219642994758,0.049883032450258,0.960215598612289,1.01114665580605,0.654119311546135,1.56304444999657
wealth_within_low_education,HRS,relapse,period_factor6,0.0738875466579077,0.218382901949779,0.338339430414289,0.735107412758395,1.07668572178042,0.701774647700892,1.65188660958854
wealth_within_low_education,HRS,relapse,period_factor7,0.105342975358719,0.214578423241878,0.490929953567482,0.623475990685564,1.1110916220608,0.729620506445223,1.69200917697396
wealth_within_low_education,HRS,relapse,period_factor8,0.114354275785518,0.214356487018929,0.533477094049502,0.593703363111287,1.12114925056542,0.736545372970317,1.70658276892612
wealth_within_low_education,HRS,relapse,period_factor9,0.0745507821801367,0.213748423576651,0.348778161413679,0.727255859785836,1.07740005485673,0.708648157044066,1.63803555638556
wealth_within_low_education,HRS,relapse,period_factor10,-0.255114057882118,0.219367859287524,-1.16295093871405,0.244849408456903,0.774828117666836,0.504052392930897,1.19106390594884
wealth_within_low_education,HRS,relapse,period_factor11,0.0240217597969026,0.214693722464897,0.111888505733232,0.910911810469091,1.0243126064824,0.672483343236602,1.56021160427408
wealth_within_low_education,HRS,relapse,period_factor12,-0.0381228929116964,0.216711113289045,-0.175915726393085,0.860360150148191,0.962594637564235,0.629470257167294,1.47201305497292
wealth_within_low_education,HRS,relapse,period_factor13,-0.471233048015897,0.223709380471916,-2.10645189317421,0.0351651176858448,0.624232085409679,0.402643616840038,0.967768220226678
wealth_within_low_education,HRS,relapse,period_factor14,-0.448601974863948,0.219646787291161,-2.04237895029754,0.0411139561100256,0.638520195209585,0.415152366494375,0.982068446660319
wealth_within_low_education,HRS,relapse,period_factor15,-0.0613122189765793,0.216962632807024,-0.282593450233031,0.777488501723627,0.940529542758222,0.614738085404414,1.43898001735007
wealth_within_low_education,HRS,relapse,proxy_factorself,0.0985542815453272,0.119464333241744,0.824968246764463,0.409389618293701,1.10357430648733,0.873195496655381,1.39473491858792
wealth_within_low_education,HRS,death_pre,(Intercept),-5.67702712779481,0.324598253969235,-17.4893951473099,1.72579184856319e-68,0.00342372161583389,0.00181215287725447,0.00646847727355518
wealth_within_low_education,HRS,death_pre,sesmiddle,0.0975081127716684,0.147540026844188,0.660892605602162,0.508681188454746,1.10242038521192,0.82557898413395,1.47209501342345
wealth_within_low_education,HRS,death_pre,seslow,0.66509327646892,0.137272258996946,4.84506688626518,1.26569031946254e-06,1.94467190500579,1.48592823170658,2.54504136702183
wealth_within_low_education,HRS,death_pre,"ns(age_model, knots = c(70, 80, 90), Boundary.knots = c(60, 95))1",1.14452367779535,0.222419086042393,5.14579795358571,2.66386018507522e-07,3.14094489867052,2.03110964965098,4.85721431050245
wealth_within_low_education,HRS,death_pre,"ns(age_model, knots = c(70, 80, 90), Boundary.knots = c(60, 95))2",1.72987021129874,0.274132545156629,6.31034235760061,2.78418880533844e-10,5.63992186278993,3.29554126414023,9.65204683203213
wealth_within_low_education,HRS,death_pre,"ns(age_model, knots = c(70, 80, 90), Boundary.knots = c(60, 95))3",3.23905725746861,0.450855788333037,7.18424237036963,6.75808854615214e-13,25.5096613650304,10.5421331874451,61.7278127100037
wealth_within_low_education,HRS,death_pre,"ns(age_model, knots = c(70, 80, 90), Boundary.knots = c(60, 95))4",2.63923649324518,0.345043799490287,7.64898977215056,2.02564349249186e-14,14.0025085155295,7.12030560279905,27.5367737938663
wealth_within_low_education,HRS,death_pre,sex_factorfemale,-0.76834283007265,0.092450343411961,-8.31087048156106,9.50025722935531e-17,0.463780995761401,0.386916835977615,0.555914842749
wealth_within_low_education,HRS,death_pre,period_factor3,0.355671856997218,0.215793988546019,1.64820095033078,0.0993114418977278,1.4271391656886,0.934929306518971,2.17848150019567
wealth_within_low_education,HRS,death_pre,period_factor4,0.295150208877684,0.208679608411681,1.41437014916865,0.15725324994893,1.34332812334225,0.892381253384611,2.02215189989481
wealth_within_low_education,HRS,death_pre,period_factor5,0.318981000051296,0.213961811542455,1.49083146077217,0.136005749640916,1.37572518594976,0.904489890979964,2.09247201779773
wealth_within_low_education,HRS,death_pre,period_factor6,0.230949957908701,0.221388608596205,1.04318808168642,0.296861192276743,1.2597961950356,0.816301330231292,1.94424092458171
wealth_within_low_education,HRS,death_pre,period_factor7,0.152104867919873,0.23115595948032,0.658018371067881,0.510526326456026,1.16428232589603,0.740106774993122,1.83156455283964
wealth_within_low_education,HRS,death_pre,period_factor8,-0.0173338964739641,0.244854204748551,-0.0707927253761678,0.94356272160865,0.98281547122291,0.608202047178948,1.58816672018026
wealth_within_low_education,HRS,death_pre,period_factor9,0.385725695454933,0.222943331819307,1.73015130036524,0.0836032466476849,1.4706812009427,0.950047557693156,2.27662623548876
wealth_within_low_education,HRS,death_pre,period_factor10,-0.0176334881986627,0.252350841216803,-0.0698768750428424,0.944291659171212,0.982521071942822,0.599151292889215,1.61119181126455
wealth_within_low_education,HRS,death_pre,period_factor11,0.141409111930579,0.242199530821221,0.583853781430155,0.559318690894007,1.15189580591699,0.71655378482641,1.85172973164966
wealth_within_low_education,HRS,death_pre,period_factor12,0.169074642999751,0.247575149836125,0.682922511050341,0.494655808526342,1.18420852850199,0.728933588423852,1.92383759130803
wealth_within_low_education,HRS,death_pre,period_factor13,0.363733662364446,0.238583530720668,1.52455478073339,0.127370183417217,1.43869098557082,0.901324385516663,2.29643376482738
wealth_within_low_education,HRS,death_pre,period_factor14,-0.286715056834771,0.298895495362883,-0.959248504185974,0.337433570699308,0.750725612495521,0.41788448858468,1.34867160818909
wealth_within_low_education,HRS,death_pre,period_factor15,-0.0983727496823421,0.294138052023985,-0.334444146228046,0.73804443142399,0.906311013641179,0.50921582651269,1.61306780088233
wealth_within_low_education,HRS,death_pre,proxy_factorself,0.35168580601629,0.192194082125159,1.82984721552076,0.067272788282252,1.42146183879157,0.975295677533762,2.07173455771906
wealth_within_low_education,HRS,death_post,(Intercept),-3.89014536082699,0.227872545840663,-17.0715842335264,2.41555222998735e-65,0.0204423743015218,0.0130786316717784,0.0319521703470907
wealth_within_low_education,HRS,death_post,sesmiddle,0.117617084134088,0.0989183480647392,1.18903202929664,0.234427063360528,1.12481332002776,0.926572598922118,1.36546775329174
wealth_within_low_education,HRS,death_post,seslow,0.023529167915005,0.0929773645869469,0.253063399027641,0.800219221803135,1.02380816266059,0.853246778577694,1.22846423830361
wealth_within_low_education,HRS,death_post,"ns(age_model, knots = c(70, 80, 90), Boundary.knots = c(60, 95))1",1.25316473155732,0.156601006412446,8.00227763707224,1.22138606145514e-15,3.5014064532284,2.57597153728106,4.75931002081249
wealth_within_low_education,HRS,death_post,"ns(age_model, knots = c(70, 80, 90), Boundary.knots = c(60, 95))2",1.55023110196282,0.167113280600847,9.2765284505758,1.75090388164173e-20,4.71255913842276,3.39630838280936,6.53892730870384
wealth_within_low_education,HRS,death_post,"ns(age_model, knots = c(70, 80, 90), Boundary.knots = c(60, 95))3",2.58553820456131,0.332432601441112,7.77763129534491,7.38950623272971e-15,13.2704293739486,6.91691807635533,25.4599366112127
wealth_within_low_education,HRS,death_post,"ns(age_model, knots = c(70, 80, 90), Boundary.knots = c(60, 95))4",1.82221924514292,0.170380338500432,10.6950089498636,1.07409284693812e-26,6.18557052637307,4.4294427305325,8.63794501123068
wealth_within_low_education,HRS,death_post,origin_factorR1,-0.700278113114968,0.083125803617347,-8.42431691052946,3.62860922230617e-17,0.496447216108613,0.42180815040731,0.584293684567268
wealth_within_low_education,HRS,death_post,origin_factorD2,-0.127076113456193,0.0781481145799441,-1.62609314555115,0.103929841964975,0.880666639464444,0.755597525657278,1.02643762523037
wealth_within_low_education,HRS,death_post,sex_factorfemale,-0.31889721561494,0.0598055346664187,-5.33223584395114,9.70108295311957e-08,0.726950264602406,0.646542681534528,0.817357774356442
wealth_within_low_education,HRS,death_post,period_factor3,0.203229200649383,0.181223286165966,1.12142983911717,0.26210494071097,1.22535328783355,0.859015390636409,1.74792058020299
wealth_within_low_education,HRS,death_post,period_factor4,0.315331915198187,0.174063002531695,1.81159643698992,0.0700485758921701,1.37071419633527,0.974499210919005,1.92802352940151
wealth_within_low_education,HRS,death_post,period_factor5,0.430853609793416,0.171874174579135,2.50679667756042,0.0121830769246355,1.53857030184588,1.09853802498931,2.15486266280601
wealth_within_low_education,HRS,death_post,period_factor6,0.218695629542431,0.17930273180144,1.21970048835962,0.222578436405039,1.24445244447784,0.875694735014564,1.76849514407679
wealth_within_low_education,HRS,death_post,period_factor7,0.334203992623166,0.178431514894843,1.87300989301204,0.06106701888755,1.39682805713287,0.984598065348866,1.98164986288315
wealth_within_low_education,HRS,death_post,period_factor8,0.450684513469294,0.173523385333657,2.59725519187342,0.00939720794367251,1.5693860838122,1.11692422319972,2.20513856616661
wealth_within_low_education,HRS,death_post,period_factor9,0.619650776387476,0.173053509729814,3.58068887106033,0.000342689524013639,1.85827897362172,1.32374639858889,2.60865732853792
wealth_within_low_education,HRS,death_post,period_factor10,0.280459592184563,0.178557536487167,1.57069590957714,0.116253299779715,1.32373805221879,0.932847838993766,1.87842256544447
wealth_within_low_education,HRS,death_post,period_factor11,0.401941737144385,0.17668642759922,2.27488745234079,0.022912682252103,1.49472424323626,1.05721314668293,2.11329245226296
wealth_within_low_education,HRS,death_post,period_factor12,0.457010472137563,0.175527833715266,2.60363534639701,0.00922408392338602,1.57934542328537,1.11960497035933,2.22786789277285
wealth_within_low_education,HRS,death_post,period_factor13,0.120025353918732,0.186536432770391,0.643441884977357,0.519937412700036,1.12752543840531,0.782245965260271,1.62520955135652
wealth_within_low_education,HRS,death_post,period_factor14,0.458332003766341,0.179878160658647,2.54801362259932,0.010833824042368,1.58143395794336,1.11156708599927,2.24991671203373
wealth_within_low_education,HRS,death_post,period_factor15,0.214119344656909,0.189656572763328,1.12898457215141,0.258904341930716,1.23877048661052,0.854184951362768,1.79651059884518
wealth_within_low_education,HRS,death_post,proxy_factorself,-0.532896970477438,0.0686759806554137,-7.75958297779953,8.52091009549863e-15,0.586902265990301,0.512988478790277,0.671465898487307
wealth_within_low_education,ELSA,onset,(Intercept),-3.56042063604393,0.279971559423345,-12.7170797040145,4.75293566670586e-37,0.0284268648350173,0.0164214825046544,0.0492091164192579
wealth_within_low_education,ELSA,onset,sesmiddle,0.320680211317545,0.0842598113584766,3.80585009801691,0.000141317958616494,1.37806482088907,1.16827812999551,1.62552272597907
wealth_within_low_education,ELSA,onset,seslow,0.591608308480511,0.0811272726905958,7.29234804597455,3.0459903272718e-13,1.80689211966528,1.54125782727422,2.11830822483641
wealth_within_low_education,ELSA,onset,"ns(age_model, knots = c(70, 80, 90), Boundary.knots = c(60, 95))1",1.32931406003176,0.152448157017566,8.71977783161122,2.78748194676822e-18,3.77845070810049,2.80251063918781,5.09424997497339
wealth_within_low_education,ELSA,onset,"ns(age_model, knots = c(70, 80, 90), Boundary.knots = c(60, 95))2",1.16667562776755,0.26959602527844,4.32749565414625,1.50814320059443e-05,3.2112993198018,1.8931979159133,5.44710261651893
wealth_within_low_education,ELSA,onset,"ns(age_model, knots = c(70, 80, 90), Boundary.knots = c(60, 95))3",2.64331406578079,0.471174276607436,5.61005597506991,2.02261183616758e-08,14.0597213251014,5.583481371948,35.4036756946401
wealth_within_low_education,ELSA,onset,"ns(age_model, knots = c(70, 80, 90), Boundary.knots = c(60, 95))4",2.76474226962408,0.696093267360128,3.97179860697276,7.13320137579475e-05,15.8749480070046,4.05682020331817,62.1210607310058
wealth_within_low_education,ELSA,onset,sex_factorfemale,0.0575120349179215,0.0611198309038053,0.940971761005654,0.34671933073974,1.05919801793923,0.939617093869684,1.19399747889431
wealth_within_low_education,ELSA,onset,period_factor2,-0.145876069526392,0.0977025555885565,-1.49306298742791,0.135420699899792,0.864264805294541,0.713642545555331,1.04667758154688
wealth_within_low_education,ELSA,onset,period_factor3,-0.208120523389813,0.102630647717785,-2.02785939695232,0.0425746001562175,0.812109152665422,0.664130513119999,0.993059741743537
wealth_within_low_education,ELSA,onset,period_factor4,-0.177551165475881,0.0995213721257093,-1.78405061830949,0.0744154404015614,0.837318156457787,0.688931760083488,1.01766493541959
wealth_within_low_education,ELSA,onset,period_factor5,-0.235333186385497,0.105227423350346,-2.23642448795857,0.0253239785604928,0.790307486061883,0.643020331076295,0.971331530808697
wealth_within_low_education,ELSA,onset,period_factor6,-0.341633913775112,0.120729621274498,-2.82974393664627,0.00465852719826051,0.710608301007726,0.560871210299816,0.900321050872189
wealth_within_low_education,ELSA,onset,period_factor7,-0.279524171122813,0.127290954084785,-2.19594686152349,0.0280957470312745,0.756143450758068,0.589185360485417,0.97041263491894
wealth_within_low_education,ELSA,onset,period_factor8,-0.616429264356566,0.148416184887929,-4.15338303448535,3.27595697190111e-05,0.53986872849465,0.403602423127141,0.722141957791508
wealth_within_low_education,ELSA,onset,period_factor9,-0.962557277808432,0.762436855507699,-1.26247474903017,0.206778006857787,0.381914973424769,0.0856973380943486,1.70202540906764
wealth_within_low_education,ELSA,onset,period_factor10,-0.0126538702027507,0.156149178575732,-0.0810370590365521,0.935412480558882,0.987425853387853,0.727089092938282,1.34097708988944
wealth_within_low_education,ELSA,onset,proxy_factorself,-0.00840245044374561,0.244083881724944,-0.0344244379611033,0.972538696342986,0.991632751479847,0.614585723414141,1.59999732558849
wealth_within_low_education,ELSA,recovery,(Intercept),-2.66848036231051,0.258022056826617,-10.3420629814747,4.54643260757391e-25,0.0693575436035644,0.0418274024308521,0.115007592514808
wealth_within_low_education,ELSA,recovery,sesmiddle,-0.135804022825467,0.0852759705332728,-1.59252391941384,0.111267032978005,0.873013706484398,0.738639775783708,1.0318330486616
wealth_within_low_education,ELSA,recovery,seslow,-0.37290847294919,0.0812729380642285,-4.58834738636479,4.46768741740227e-06,0.688728267226345,0.587309446736914,0.807660473898503
wealth_within_low_education,ELSA,recovery,"ns(age_model, knots = c(70, 80, 90), Boundary.knots = c(60, 95))1",-0.292710633400448,0.145618334078467,-2.01012211307623,0.0444182661855,0.746238045823625,0.560950524935528,0.992727872210594
wealth_within_low_education,ELSA,recovery,"ns(age_model, knots = c(70, 80, 90), Boundary.knots = c(60, 95))2",-1.12713379040182,0.272256926138102,-4.13996369675491,3.47360788378439e-05,0.323960465595493,0.189995029890945,0.552384887799902
wealth_within_low_education,ELSA,recovery,"ns(age_model, knots = c(70, 80, 90), Boundary.knots = c(60, 95))3",-1.95389879241016,0.480240991366252,-4.06857979126575,4.73005633941601e-05,0.141720454436496,0.05528956227878,0.36326363201098
wealth_within_low_education,ELSA,recovery,"ns(age_model, knots = c(70, 80, 90), Boundary.knots = c(60, 95))4",-1.75890505366087,0.726600962835249,-2.42073041962055,0.0154893592869086,0.17223334688745,0.0414593047695796,0.715504660411444
wealth_within_low_education,ELSA,recovery,origin_factorD2,0.131126516672318,0.0761720282768974,1.72145234462778,0.0851687727078456,1.14011201536605,0.981993432285443,1.32369053075723
wealth_within_low_education,ELSA,recovery,sex_factorfemale,0.0296739809140377,0.058457444079602,0.507616803663711,0.611722103926183,1.03011864086499,0.918601743144787,1.15517352560725
wealth_within_low_education,ELSA,recovery,period_factor2,0.171964803921356,0.103661962133718,1.65889975823081,0.0971359933863518,1.1876360323471,0.969269443902855,1.455198401437
wealth_within_low_education,ELSA,recovery,period_factor3,0.100245164402711,0.106353443622953,0.942566229995366,0.345902819847148,1.10544189985986,0.897441281656369,1.36165097254093
wealth_within_low_education,ELSA,recovery,period_factor4,0.19798634575452,0.102754104907444,1.92679743483588,0.0540048792990023,1.21894574992352,0.996594113371027,1.49090660011097
wealth_within_low_education,ELSA,recovery,period_factor5,0.239002251389412,0.105842511350208,2.25809316446215,0.0239398517162415,1.26998139580329,1.0320539358797,1.56276013260073
wealth_within_low_education,ELSA,recovery,period_factor6,0.372834287534266,0.113030304882742,3.29853385710184,0.000971911586325729,1.45184373129284,1.16333966469668,1.81189577219813
wealth_within_low_education,ELSA,recovery,period_factor7,0.404266145552805,0.118986378076239,3.39758342163989,0.000679838567341665,1.49820263386962,1.18655345021653,1.89170671723575
wealth_within_low_education,ELSA,recovery,period_factor8,0.172927193332835,0.131760305588665,1.31243770694254,0.189372491271811,1.18877955085612,0.91821564768093,1.53906854463097
wealth_within_low_education,ELSA,recovery,period_factor9,-15.5054940726596,682.827702853934,-0.0227077694824816,0.981883378283945,1.84522565878637e-07,0,Inf
wealth_within_low_education,ELSA,recovery,period_factor10,0.201593741816601,0.169197290638632,1.19147145356577,0.233468556728288,1.22335091082458,0.878066500053693,1.70441242311809
wealth_within_low_education,ELSA,recovery,proxy_factorself,1.07840878002428,0.219528219878636,4.91239249614679,8.99717164297346e-07,2.93999764410158,1.9119687475312,4.52077794602225
wealth_within_low_education,ELSA,relapse,(Intercept),-1.6945429121318,0.309314824471701,-5.47837600420873,4.29247227424422e-08,0.183683169190471,0.100178671918169,0.336793311368865
wealth_within_low_education,ELSA,relapse,sesmiddle,0.272368716556709,0.114882378603398,2.37084851365232,0.017747303318823,1.31307106310593,1.04833087290811,1.64466740541872
wealth_within_low_education,ELSA,relapse,seslow,0.403012960009263,0.108999345874389,3.69738879418319,0.000217828592821709,1.49632628394042,1.2084931368683,1.85271416088725
wealth_within_low_education,ELSA,relapse,"ns(age_model, knots = c(70, 80, 90), Boundary.knots = c(60, 95))1",0.412578859799513,0.189033753595501,2.18256714450246,0.0290677015474595,1.51070867179333,1.04297030280604,2.18821253576574
wealth_within_low_education,ELSA,relapse,"ns(age_model, knots = c(70, 80, 90), Boundary.knots = c(60, 95))2",0.520602248538365,0.316496779161766,1.6448895622798,0.0999925877928664,1.68304095349214,0.905080455056521,3.12969618922425
wealth_within_low_education,ELSA,relapse,"ns(age_model, knots = c(70, 80, 90), Boundary.knots = c(60, 95))3",1.94044236861619,0.542557467217105,3.5764734352826,0.000348260688557329,6.96182998465391,2.4037493148107,20.1631161937713
wealth_within_low_education,ELSA,relapse,"ns(age_model, knots = c(70, 80, 90), Boundary.knots = c(60, 95))4",1.99731703967392,0.785482634489893,2.5427895563484,0.0109971440649555,7.36925812503525,1.5805471365869,34.3589659911496
wealth_within_low_education,ELSA,relapse,sex_factorfemale,0.0345847819541114,0.0751160834692596,0.460417800779839,0.645216360038247,1.03518979006904,0.893469802655821,1.19938905408757
wealth_within_low_education,ELSA,relapse,period_factor3,-0.280772648683448,0.146610331339946,-1.91509456473718,0.0554804448640706,0.755200011680979,0.566584584993185,1.00660532028031
wealth_within_low_education,ELSA,relapse,period_factor4,-0.265171398003946,0.140199346284687,-1.89138826272051,0.0585725342240837,0.767074463675981,0.582770329206246,1.00966573508507
wealth_within_low_education,ELSA,relapse,period_factor5,-0.365050516692726,0.138940248001079,-2.62739214838518,0.00860421125633095,0.694161583244833,0.528679229353078,0.911441715314984
wealth_within_low_education,ELSA,relapse,period_factor6,-0.334238344964778,0.143498801214368,-2.32920653089967,0.0198481271035587,0.715883134750996,0.540372806432873,0.948398321529111
wealth_within_low_education,ELSA,relapse,period_factor7,-0.390073724128891,0.147894126485645,-2.63752005166176,0.00835146879629922,0.677006960909823,0.506644242992598,0.904655350296856
wealth_within_low_education,ELSA,relapse,period_factor8,-0.299451421436495,0.146425149360466,-2.04508189163129,0.0408467852338026,0.741224729167764,0.556301584187713,0.987619152535859
wealth_within_low_education,ELSA,relapse,period_factor9,-0.65664507378718,0.479084152326347,-1.37062574622565,0.170491652798559,0.518588244555314,0.202776678310511,1.32625590690042
wealth_within_low_education,ELSA,relapse,period_factor10,-0.623076313575313,0.225032921266538,-2.76882293518874,0.00562592007939168,0.536292094684108,0.34502415867492,0.833591514070331
wealth_within_low_education,ELSA,relapse,proxy_factorself,-0.136288992437312,0.237386073330255,-0.57412379136372,0.565884034811644,0.872590424013893,0.547953036149018,1.38956077957323
wealth_within_low_education,ELSA,death_pre,(Intercept),-3.83896405738039,0.55037776816561,-6.97514376384702,3.05558191548115e-12,0.0215158790199763,0.00731590537157976,0.0632776158916188
wealth_within_low_education,ELSA,death_pre,sesmiddle,0.177920584731858,0.171200104573542,1.03925511713358,0.298686102827778,1.19473043762919,0.85416438089521,1.67108445461242
wealth_within_low_education,ELSA,death_pre,seslow,0.458704763464886,0.161254515952963,2.84460103801798,0.00444670804554609,1.5820235626724,1.1533213523331,2.17007909182264
wealth_within_low_education,ELSA,death_pre,"ns(age_model, knots = c(70, 80, 90), Boundary.knots = c(60, 95))1",1.35261795807903,0.321233980189661,4.21069389135119,2.54587514937527e-05,3.8675373393997,2.06060443931705,7.25895993731256
wealth_within_low_education,ELSA,death_pre,"ns(age_model, knots = c(70, 80, 90), Boundary.knots = c(60, 95))2",2.64179741835165,0.478575676531029,5.52012471152066,3.3875915232736e-08,14.0384138469496,5.49472802893211,35.8665728859609
wealth_within_low_education,ELSA,death_pre,"ns(age_model, knots = c(70, 80, 90), Boundary.knots = c(60, 95))3",2.12195593768213,0.853072236789492,2.48742819912654,0.012867042382366,8.34744862001396,1.56820923478069,44.4327816201882
wealth_within_low_education,ELSA,death_pre,"ns(age_model, knots = c(70, 80, 90), Boundary.knots = c(60, 95))4",1.75425312672011,1.19476930771705,1.46827769627939,0.14202880680471,5.77912985203171,0.555717772843291,60.0994668134578
wealth_within_low_education,ELSA,death_pre,sex_factorfemale,-0.653528448792516,0.117916718534241,-5.54228829394318,2.98544244916527e-08,0.520207010873715,0.412860623179639,0.655464142058465
wealth_within_low_education,ELSA,death_pre,period_factor2,-0.26468501389568,0.172826796522449,-1.531504484383,0.125644758976122,0.767447647252893,0.54693487886651,1.07686657778092
wealth_within_low_education,ELSA,death_pre,period_factor3,-0.232502285662473,0.176125807478874,-1.32009209207096,0.186804272699961,0.792547937847628,0.561182638105837,1.11930090336841
wealth_within_low_education,ELSA,death_pre,period_factor4,-0.0644544539711651,0.166507807119414,-0.387095686900378,0.698685370557807,0.93757881628139,0.676508845597102,1.2993976981391
wealth_within_low_education,ELSA,death_pre,period_factor5,-0.514465800557599,0.205994157187314,-2.49747763520199,0.0125080354823937,0.597819864371987,0.399231292877762,0.89519182642621
wealth_within_low_education,ELSA,death_pre,proxy_factorself,-0.675075755948353,0.467123033059003,-1.44517762596195,0.14840799926774,0.509117850441024,0.203795772712053,1.27186635025997
wealth_within_low_education,ELSA,death_post,(Intercept),-3.23710948171352,0.299828391508802,-10.7965408660057,3.57416219099689e-27,0.0392772628207436,0.0218233860613304,0.0706903763858778
wealth_within_low_education,ELSA,death_post,sesmiddle,0.22929943601401,0.133672349480498,1.71538419804212,0.0862748106236549,1.25771858887173,0.96783044326186,1.63443510152687
wealth_within_low_education,ELSA,death_post,seslow,0.475422762177534,0.121285977284729,3.91984937435463,8.86043285931884e-05,1.60869414878814,1.26833148670974,2.04039471657257
wealth_within_low_education,ELSA,death_post,"ns(age_model, knots = c(70, 80, 90), Boundary.knots = c(60, 95))1",1.46830543261443,0.254010732552444,5.78048580018673,7.44852251333318e-09,4.34187131005659,2.63911701398165,7.1432400962967
wealth_within_low_education,ELSA,death_post,"ns(age_model, knots = c(70, 80, 90), Boundary.knots = c(60, 95))2",2.06247576595601,0.329870184835189,6.25238612269995,4.04228478821902e-10,7.86541866073338,4.12031741833536,15.014573982411
wealth_within_low_education,ELSA,death_post,"ns(age_model, knots = c(70, 80, 90), Boundary.knots = c(60, 95))3",3.12565194808511,0.572523226044683,5.4594325712843,4.7765869773977e-08,22.7747382014923,7.41501074766197,69.9511730728187
wealth_within_low_education,ELSA,death_post,"ns(age_model, knots = c(70, 80, 90), Boundary.knots = c(60, 95))4",2.57692868195817,0.6328861947853,4.07170942136345,4.66693766188128e-05,13.1566677317189,3.80559267058527,45.4851374769524
wealth_within_low_education,ELSA,death_post,origin_factorR1,-0.410452811082268,0.125908583195691,-3.25992716830376,0.00111440826451235,0.663349809974759,0.518283113874831,0.849020465096264
wealth_within_low_education,ELSA,death_post,origin_factorD2,-0.0130692674502897,0.153706114295245,-0.0850276354341099,0.932239420361851,0.987015764586983,0.730275622180133,1.33401703405475
wealth_within_low_education,ELSA,death_post,sex_factorfemale,-0.543991257573779,0.0811911720131945,-6.70012815537845,2.08236834599183e-11,0.580426989458693,0.495035424305931,0.680548246753108
wealth_within_low_education,ELSA,death_post,period_factor2,-0.128535976186979,0.120044953542055,-1.07073202491556,0.284289938790132,0.879381925040762,0.695013447190206,1.1126584287178
wealth_within_low_education,ELSA,death_post,period_factor3,-0.146750714481686,0.122487532762444,-1.1980869495208,0.230883168903216,0.863509210929122,0.679209077764901,1.09781830333182
wealth_within_low_education,ELSA,death_post,period_factor4,-0.12240133892618,0.122919761615507,-0.995782430078663,0.319355868899388,0.884793195284089,0.695361050148414,1.125830959692
wealth_within_low_education,ELSA,death_post,period_factor5,-0.333787267954066,0.134978939717182,-2.47288405623456,0.0134027617629932,0.716206126016929,0.549720127257855,0.933113396271135
wealth_within_low_education,ELSA,death_post,proxy_factorself,-0.681763532199432,0.132265480316031,-5.15450842177752,2.54297132622702e-07,0.505724344324903,0.390235891143959,0.65539105512082
wealth_within_low_education,MHAS,onset,(Intercept),-3.56233835920246,0.104932188399774,-33.948957069594,1.26375204595532e-252,0.028372402216802,0.0230980876991893,0.0348510759001164
wealth_within_low_education,MHAS,onset,sesmiddle,0.142133528878231,0.068652250297879,2.07034042236809,0.0384204767403858,1.15273056107961,1.00760388208681,1.31876005052195
wealth_within_low_education,MHAS,onset,seslow,0.24855362395969,0.0688212835670356,3.61158076509262,0.000304336272043513,1.28216957553552,1.12037551254133,1.46732841090035
wealth_within_low_education,MHAS,onset,"ns(age_model, knots = c(70, 80, 90), Boundary.knots = c(60, 95))1",1.07694551074183,0.145918143448496,7.38047706262073,1.57723349281315e-13,2.93569878182211,2.20548171431924,3.90768478452429
wealth_within_low_education,MHAS,onset,"ns(age_model, knots = c(70, 80, 90), Boundary.knots = c(60, 95))2",0.930125309972893,0.274596173902854,3.38724788751773,0.00070597568886851,2.53482679679421,1.47981459920759,4.3419945263323
wealth_within_low_education,MHAS,onset,"ns(age_model, knots = c(70, 80, 90), Boundary.knots = c(60, 95))3",1.1805359149746,0.427631455375834,2.76063862967485,0.00576884688888011,3.25611873817749,1.40829290108193,7.52848305133494
wealth_within_low_education,MHAS,onset,"ns(age_model, knots = c(70, 80, 90), Boundary.knots = c(60, 95))4",0.858992259737007,0.583706350410186,1.47161712243386,0.141124299161743,2.36078044106647,0.751959970575368,7.41167682989503
wealth_within_low_education,MHAS,onset,sex_factorfemale,0.461449737238386,0.057860977450224,7.97514590270025,1.52200913077544e-15,1.58637214149791,1.41629204636158,1.77687686504043
wealth_within_low_education,MHAS,onset,period_factor2,-16.6080562787693,468.507466662918,-0.0354488614601279,0.97172182336236,6.12650515101452e-08,0,Inf
wealth_within_low_education,MHAS,onset,period_factor3,-0.00975257328916798,0.0690168145318095,-0.141307206878884,0.887627256478717,0.990294828831006,0.865000209571138,1.13373827793134
wealth_within_low_education,MHAS,onset,period_factor4,-0.0319939879227867,0.0881050956651649,-0.363134364490981,0.716504515072471,0.968512404833054,0.814908065292193,1.15107006331956
wealth_within_low_education,MHAS,onset,period_factor5,-0.211429327086022,0.0832019445303576,-2.54115848228618,0.0110485825848464,0.809426483559612,0.687629476055178,0.952796898769223
wealth_within_low_education,MHAS,recovery,(Intercept),-0.0493716223482957,0.119193201795476,-0.41421508613396,0.678716594353906,0.951827343652556,0.753527098644059,1.2023128216025
wealth_within_low_education,MHAS,recovery,sesmiddle,-0.149490815286379,0.081918748348388,-1.8248669358401,0.0680211118435811,0.861146347365965,0.733409139171203,1.01113142988614
wealth_within_low_education,MHAS,recovery,seslow,0.0584730936673228,0.0808955335779949,0.722822275607422,0.469789079978811,1.06021645877407,0.904763086753976,1.24237931002272
wealth_within_low_education,MHAS,recovery,"ns(age_model, knots = c(70, 80, 90), Boundary.knots = c(60, 95))1",-1.22683285296995,0.185235763086472,-6.62308850368832,3.51770255722093e-11,0.293219778766201,0.203947035526539,0.421569445408839
wealth_within_low_education,MHAS,recovery,"ns(age_model, knots = c(70, 80, 90), Boundary.knots = c(60, 95))2",-2.17301417583508,0.388525802322479,-5.59297262329944,2.23214497976303e-08,0.11383398364275,0.0531559757675534,0.243776464355445
wealth_within_low_education,MHAS,recovery,"ns(age_model, knots = c(70, 80, 90), Boundary.knots = c(60, 95))3",-4.54464251151762,0.802293350567766,-5.66456459884838,1.47398326018532e-08,0.0106239699843786,0.00220475810592278,0.0511932524142992
wealth_within_low_education,MHAS,recovery,"ns(age_model, knots = c(70, 80, 90), Boundary.knots = c(60, 95))4",-3.58466153901804,1.15268479571041,-3.10983675013149,0.00187190770758651,0.0277460569988206,0.00289745145030215,0.265696834679152
wealth_within_low_education,MHAS,recovery,origin_factorD2,0.204457557752606,0.122214758997622,1.67293671754149,0.0943397545649714,1.22685938407125,0.965524917202891,1.5589281244488
wealth_within_low_education,MHAS,recovery,sex_factorfemale,-0.167208012080505,0.0698040446578751,-2.39539145475062,0.0166026292582227,0.846023609901359,0.737843202560693,0.970065111430841
wealth_within_low_education,MHAS,recovery,period_factor2,-18.82982949219,914.186169476699,-0.0205973685895605,0.983566839583186,6.64215424099901e-09,0,Inf
wealth_within_low_education,MHAS,recovery,period_factor3,-0.942357795494408,0.079858378516335,-11.8003622538072,3.88634805231631e-32,0.389707899744521,0.333244035723793,0.455738830534281
wealth_within_low_education,MHAS,recovery,period_factor4,-1.17545922133295,0.10704453623402,-10.9810296040067,4.71518765357078e-28,0.308677195982071,0.25025709429646,0.380734906186042
wealth_within_low_education,MHAS,recovery,period_factor5,-1.27785472801908,0.100495324994624,-12.7155639139178,4.84600913076895e-37,0.278634406331764,0.228818637541313,0.339295492823818
wealth_within_low_education,MHAS,relapse,(Intercept),-21.0376208849399,1430.30070990221,-0.0147085299890387,0.988264714148127,7.30259704883117e-10,0,Inf
wealth_within_low_education,MHAS,relapse,sesmiddle,-0.292375880920486,0.165671466345444,-1.76479322221274,0.0775985241855121,0.7464878926762,0.539511081080387,1.03286882040728
wealth_within_low_education,MHAS,relapse,seslow,0.0463156792707229,0.151351894293032,0.306013211708149,0.759594586533117,1.04740500282113,0.778540680929901,1.40911999437769
wealth_within_low_education,MHAS,relapse,"ns(age_model, knots = c(70, 80, 90), Boundary.knots = c(60, 95))1",2.04360596234453,0.307089828682014,6.6547497555207,2.83782474568675e-11,7.71839130656958,4.22791895052332,14.0905171216575
wealth_within_low_education,MHAS,relapse,"ns(age_model, knots = c(70, 80, 90), Boundary.knots = c(60, 95))2",0.632206246172993,0.553805218121019,1.14156787528651,0.253633683531945,1.88175762343723,0.635557964697208,5.57150087018601
wealth_within_low_education,MHAS,relapse,"ns(age_model, knots = c(70, 80, 90), Boundary.knots = c(60, 95))3",2.6750436730361,0.926356082641443,2.88770562763337,0.00388062863251987,14.5129836518094,2.36170957047304,89.1839949801704
wealth_within_low_education,MHAS,relapse,"ns(age_model, knots = c(70, 80, 90), Boundary.knots = c(60, 95))4",2.0313828256746,1.15479968734711,1.75907808768223,0.0785642461787488,7.62462259609631,0.792926647579243,73.3168319041674
wealth_within_low_education,MHAS,relapse,sex_factorfemale,0.568870187319425,0.155219969945676,3.66492911652102,0.000247407095654296,1.76627036904732,1.30296058234863,2.3943249387876
wealth_within_low_education,MHAS,relapse,period_factor3,17.5129091950239,1430.30067764403,0.0122442151281582,0.990230773892409,40342222.9781298,0,Inf
wealth_within_low_education,MHAS,relapse,period_factor4,18.0032203391434,1430.30067477367,0.0125870180002482,0.989957277854891,65871757.337983,0,Inf
wealth_within_low_education,MHAS,relapse,period_factor5,17.5760663241285,1430.30067342347,0.0122883717044331,0.990195544692371,42972301.8948274,0,Inf
wealth_within_low_education,MHAS,death_pre,(Intercept),-5.12873391600707,0.179343149856965,-28.5973226192218,7.25407026115259e-180,0.00592405608022323,0.00416830212761422,0.00841936101731585
wealth_within_low_education,MHAS,death_pre,sesmiddle,0.202077302168034,0.102374252911551,1.97390746619294,0.0483922656575253,1.22394261787245,1.00142478049806,1.49590419671803
wealth_within_low_education,MHAS,death_pre,seslow,0.294258966054756,0.10246905112582,2.87168625864839,0.00408288096528622,1.34213142514703,1.09792235521681,1.64065951823294
wealth_within_low_education,MHAS,death_pre,"ns(age_model, knots = c(70, 80, 90), Boundary.knots = c(60, 95))1",1.5691559935945,0.197541954170645,7.94340625100329,1.96703375117152e-15,4.80259306342938,3.26080391092034,7.0733784560477
wealth_within_low_education,MHAS,death_pre,"ns(age_model, knots = c(70, 80, 90), Boundary.knots = c(60, 95))2",2.51462029842969,0.295136089661149,8.5202060558462,1.59269700292894e-17,12.3619140496938,6.93203598299959,22.0450267925314
wealth_within_low_education,MHAS,death_pre,"ns(age_model, knots = c(70, 80, 90), Boundary.knots = c(60, 95))3",4.61259611045646,0.421691343686595,10.9383229689547,7.558509266418e-28,100.7453565022,44.0833022440334,230.237444567328
wealth_within_low_education,MHAS,death_pre,"ns(age_model, knots = c(70, 80, 90), Boundary.knots = c(60, 95))4",3.37880156949611,0.432632045820331,7.80987354528819,5.72453914817969e-15,29.3355933685161,12.5640901848647,68.4949746157994
wealth_within_low_education,MHAS,death_pre,sex_factorfemale,-0.703707142377807,0.0867798774463888,-8.10910504929608,5.09939466420238e-16,0.494747799417083,0.417364348118892,0.586478902980756
wealth_within_low_education,MHAS,death_pre,period_factor3,0.0732118141834828,0.12778286320043,0.57293922165955,0.566685846904653,1.07595841603319,0.837576565734278,1.38218589248345
wealth_within_low_education,MHAS,death_pre,period_factor4,0.664443339299392,0.131518285618665,5.05209854412136,4.3698213283316e-07,1.94340840109575,1.50180467181146,2.51486513815006
wealth_within_low_education,MHAS,death_pre,period_factor5,1.0290119407636,0.119662584440849,8.59927892725949,8.02185071291063e-18,2.79829958256488,2.21327490307693,3.53796111946904
wealth_within_low_education,MHAS,death_post,(Intercept),-4.26310776044847,0.221073639875601,-19.2836548167721,7.36817933516521e-83,0.0140784818045337,0.0091279687076057,0.0217138835889563
wealth_within_low_education,MHAS,death_post,sesmiddle,-0.0986672144726563,0.0924157229784508,-1.06764532368224,0.285680530646121,0.906044176247624,0.755933377632606,1.08596349043766
wealth_within_low_education,MHAS,death_post,seslow,-0.0615834473914933,0.0915680167310956,-0.672543204384814,0.501237945018217,0.940274479012991,0.785797023138547,1.12512018988302
wealth_within_low_education,MHAS,death_post,"ns(age_model, knots = c(70, 80, 90), Boundary.knots = c(60, 95))1",0.873239681861555,0.195558078076069,4.46537259136837,7.99295273833537e-06,2.39465622481671,1.63222783051949,3.51322182346832
wealth_within_low_education,MHAS,death_post,"ns(age_model, knots = c(70, 80, 90), Boundary.knots = c(60, 95))2",2.87760315216928,0.22999620329598,12.5115245857607,6.45728409307073e-36,17.7716262071543,11.3227117017159,27.8935564524661
wealth_within_low_education,MHAS,death_post,"ns(age_model, knots = c(70, 80, 90), Boundary.knots = c(60, 95))3",3.52500855720789,0.425943393597112,8.27576764940294,1.27630662544575e-16,33.9540641669901,14.7340258949825,78.2459920780161
wealth_within_low_education,MHAS,death_post,"ns(age_model, knots = c(70, 80, 90), Boundary.knots = c(60, 95))4",1.12806457142482,0.297192156672993,3.79574139524166,0.000147202882079361,3.08967087232144,1.72558814215403,5.53206519335216
wealth_within_low_education,MHAS,death_post,origin_factorR1,-0.604747495015598,0.0988311962284666,-6.11899398260457,9.41679599856473e-10,0.546212330564272,0.450022976054005,0.662961506269071
wealth_within_low_education,MHAS,death_post,origin_factorD2,0.305968291888952,0.12378864174159,2.4716992414188,0.0134472594724819,1.35793924817677,1.06539173100955,1.73081782790969
wealth_within_low_education,MHAS,death_post,sex_factorfemale,-0.194550204656036,0.077382473014336,-2.51413785418816,0.0119323781744425,0.823204848502792,0.707356956335548,0.958025812185612
wealth_within_low_education,MHAS,death_post,period_factor3,0.220862817146225,0.137624827277228,1.60481812414067,0.108533836164588,1.24715233091252,0.952293641956939,1.63330811839113
wealth_within_low_education,MHAS,death_post,period_factor4,0.674218057948271,0.140035211041712,4.81463235519703,1.47471135610173e-06,1.96249781627613,1.49145036271242,2.58231703526778
wealth_within_low_education,MHAS,death_post,period_factor5,1.00454940424055,0.134105764999568,7.49072498295495,6.84942052501736e-14,2.73067656429042,2.09950605433538,3.55159466359597
